番号,section,単語,意味
1,section1,create,を創り出す；を引き起こす
2,section1,increase,増加する（⇔ decrease ⇒ 223）；を増やす
3,section1,improve,を向上させる；よくなる
4,section1,mean,を意味する；（...する）つもりである（to do）
5,section1,own,を所有している；（事実・罪など）を認める
6,section1,include,を含む（⇔ exclude ⇒ 1009）
7,section1,consider,を見なす；について考える
8,section1,allow,を許す；を与える；（～を）考慮に入れる（for）
9,section1,suggest,を提案する；を暗示する
10,section1,produce,を生産する；を取り出す
11,section1,decide,を決める；に決着をつける
12,section1,offer,を提供する，申し出る
13,section1,require,を要求する；を必要とする
14,section1,share,を共有する；を分担する
15,section1,store,を保存する；を蓄える
16,section1,tend,傾向がある；を世話する
17,section1,concern,〔受身形で〕心配している；〔受身形で〕（～に）関係する（with）；に関連する
18,section1,describe,について述べる，を説明する
19,section1,involve,を関与させる；を伴う
20,section1,reduce,を減らす；を（～に）変える（to）
21,section1,design,を設計する；を計画する
22,section1,force,に強いる；を強要する
23,section1,limit,を制限［規制］する
24,section1,bear,に耐える（≒ endure ⇒ 824）；を負う；を産む；を（心に）抱く
25,section1,affect,に影響を及ぼす（≒ influence ⇒ 49）；を感動させる
26,section1,deal,〔deal withで〕を処理する；〔deal inで〕を商う；を分配する
27,section1,avoid,を避ける
28,section1,relate,を関連づける；（～に）関連する（to）
29,section1,realize,に気づく；を実現する
30,section1,encourage,を奨励する；を励ます（⇔ discourage ⇒ 706）
31,section1,compare,を比較する；を（～に）たとえる（to）
32,section1,measure,を測る；を（比較して）評価する
33,section1,exist,存在する；生存する
34,section1,mark,に印をつける；を（記号で）示す；に汚れをつける
35,section1,challenge,に異議を唱える；（人）に挑む
36,section1,depend,頼る；～次第である
37,section1,object,反対する；（...）と言って反対する（that節）
38,section1,demand,を要求する
39,section1,found,を設立する；（理論など）を（～に基づいて）築く（on）
40,section1,complete,を完成させる，仕上げる
41,section1,idea,考え，思いつき；理解；見解；概念
42,section1,accord,一致；合意，協定
43,section1,company,会社；〔集合的に〕仲間；（仲間と）一緒にいること；一座
44,section1,interest,興味；利子；利害
45,section1,research,（～についての）研究，調査（into / on / in）
46,section1,cause,原因（⇔ effect ⇒ 48）；理由；大義
47,section1,reason,理由；（...する）根拠（to do）；理性；分別
48,section1,effect,影響，効果；結果
49,section1,influence,影響（力）
50,section1,situation,状況；（人の置かれた）立場
51,section1,environment,環境（≒ surroundings）
52,section1,skill,技能；熟練
53,section1,matter,事柄；問題；〔～s〕事態；〔the ～〕困難；物質
54,section1,view,（～についての）見解（on / about）；（～に対する）（特定の）見方（of）；眺め
55,section1,value,価値；価格；評価；〔～s〕価値観
56,section1,species,（生物の）種；種類
57,section1,thought,考え；思考
58,section1,knowledge,知識；知っていること；認識
59,section1,memory,記憶（力）；（～の）思い出（of）
60,section1,practice,実践，実行；（社会の）慣習；練習
61,section1,benefit,利益，恩恵；給付金
62,section1,theory,学説；理論；原理；推測
63,section1,issue,問題（点）；発行（物）；発表
64,section1,experiment,（～を対象とする）実験（on）
65,section1,article,記事；条項；品物
66,section1,focus,焦点；関心の的
67,section1,subject,話題；科目；主題；被験者
68,section1,project,計画；事業；研究計画
69,section1,quality,質（⇔ quantity ⇒ 471）；特質
70,section1,role,役割；（俳優などの）役
71,section1,term,（専門）用語；〔～s〕条件；〔～s〕間柄；学期
72,section1,statement,声明；主張；明細書
73,section1,material,材料，素材；資料；生地
74,section1,evidence,証拠
75,section1,source,（～の）源，根源（of）；出所，情報源
76,section1,community,（共同）社会，～界；地域社会；地域住民
77,section1,technology,科学技術；応用技術
78,section1,culture,文化；教養；耕作；養殖；培養
79,section1,appropriate,（～に）適切な（for / to）
80,section1,likely,ありそうな（⇔ unlikely ありそうもない）
81,section1,possible,可能な；可能性のある
82,section1,individual,個々の；個人の
83,section1,public,公の（⇔ private 私的な）；公衆の；公開の
84,section1,common,共通の；普通の；一般の
85,section1,certain,確信して；確かな；ある；一定の
86,section1,similar,似ている，類似した；同様の
87,section1,recent,最近の
88,section1,major,主要な；大きい（ほうの）；長調の
89,section1,patient,忍耐強い；勤勉な
90,section1,particular,特定の；特別の；（～について）やかましい（about）
91,section1,physical,身体の（⇔ mental ⇒ 183）；物質的な；物理学の
92,section1,various,さまざまな；いくつかの
93,section1,available,手に入る；利用できる；手が空いている
94,section1,native,出生地の；原産の；生得の
95,section1,political,政治（上）の
96,section1,due,予定された；（支払）期日で；しかるべき
97,section1,blank,空白の；無表情な；がらんとした
98,section1,ancient,古代の；昔からの
99,section1,correct,正しい；適切な
100,section1,despite,～にもかかわらず（≒ in spite of）
101,section2,notice,に気づく
102,section2,refer,言及する，関連する；参照する
103,section2,approach,に近づく；に取り組む
104,section2,wonder,かなと思う；（に）驚く（at）
105,section2,imagine,（を）想像する；（を）推測する
106,section2,recognize,を識別できる；を認める
107,section2,solve,を解く，解明する；（困難など）を解決する
108,section2,occur,起こる；心に浮かぶ；現れる
109,section2,argue,と主張する（≒ claim ⇒ 110、 maintain ⇒ 206）；議論する
110,section2,claim,と主張する；を（自分のものとして）要求する
111,section2,express,を表す，述べる
112,section2,draw,を引き出す；を引く；を描く；近づく
113,section2,waste,を浪費する，無駄にする
114,section2,advance,を進歩させる；を進める；進歩する；進む
115,section2,spread,を広める；広がる
116,section2,prepare,を準備する；を調理する；（～のために）準備をする（for）
117,section2,gain,を獲得する；（を）増す
118,section2,achieve,を達成する；を成し遂げる
119,section2,establish,を確立する；を設立する
120,section2,supply,を供給する
121,section2,suppose,と思う；と仮定する
122,section2,perform,（を）行う；（を）演じる，（を）演奏する
123,section2,prefer,のほうを好む
124,section2,determine,を決定する；を正確に知る
125,section2,treat,を扱う；を治療する
126,section2,prove,を証明する；判明する，わかる
127,section2,apply,を適用［応用］する；申し込む；（～に）適用される（to / in）
128,section2,mention,に言及する；と言う
129,section2,communicate,（～と）情報交換をする（with）；を伝達する
130,section2,contain,を含む；を収容する；（感情など）を抑える
131,section2,contact,と連絡を取る；接触する
132,section2,regard,を見なす；を見る；を評価する
133,section2,respect,を尊敬する；を尊重する
134,section2,search,捜す；を捜索する；を詳しく調べる
135,section2,connect,をつなぐ；を関連づける
136,section2,decline,減少する；衰退する；を断る
137,section2,prevent,を妨げる；を防ぐ
138,section2,suffer,苦しむ；患う；（苦痛など）を経験する
139,section2,survive,を切り抜けて生き残る；より長生きする；生き延びる
140,section2,publish,を出版する；を公表する
141,section2,opportunity,機会（≒ chance）
142,section2,task,（課せられた）仕事，作業；課題；タスク
143,section2,industry,産業；勤勉（≒ diligence）
144,section2,medium,（情報伝達の）媒体；手段
145,section2,economy,経済（状態）；経済圏；節約
146,section2,policy,政策，方針；（個人の）主義
147,section2,account,説明；勘定；口座
148,section2,trade,貿易；商売，取引
149,section2,model,模範；モデル；模型；型
150,section2,figure,数字；姿；人物；図表
151,section2,cell,細胞；独房；電池
152,section2,image,印象，イメージ；画像；像
153,section2,emotion,感情，情動；感動
154,section2,stress,ストレス；圧力；強調
155,section2,decade,10年間
156,section2,range,範囲；射程距離；（同類の）組
157,section2,character,性格，個性；特徴；登場人物；文字
158,section2,advantage,利点；優勢；有利
159,section2,phrase,句；成句；言葉遣い
160,section2,damage,損害，損傷；〔～s〕損害賠償金
161,section2,impact,影響；（激しい）衝突；衝撃（力）
162,section2,method,方法；体系；秩序
163,section2,resource,〔通例～s〕資源；〔通例～s〕資金；才覚
164,section2,region,地域；領域；部位
165,section2,medicine,薬；医学
166,section2,detail,〔～s〕詳細（な情報），細部
167,section2,feature,特徴；〔通例～s〕顔つき；特集記事［番組］
168,section2,function,機能；関数
169,section2,access,利用，入手；接近（の機会・方法・権利）
170,section2,item,品目，項目；（同種の中の）～個；（短い）記事
171,section2,income,収入；所得
172,section2,attitude,態度；考え方，心構え
173,section2,site,用地，場所；跡地；（ウェブ）サイト
174,section2,aspect,（物事の）側面；観点；様相
175,section2,structure,構造；体系；構造物
176,section2,habit,習慣，癖
177,section2,link,関連，つながり；（2地点を結ぶ）交通手段；リンク
178,section2,instance,（具体的な）例，実例；（特定の）場合
179,section2,positive,肯定的な；積極的な；確信して；（検査結果が）陽性の
180,section2,negative,否定的な；消極的な；（検査結果が）陰性の
181,section2,complex,複雑な；複合（体）の
182,section2,current,現在の；現代の；通用している
183,section2,mental,精神の；知能の；頭の中で行う
184,section2,specific,特定の；明確な，具体的な；（～に）特有の（to）
185,section2,significant,重要な，重大な；意義深い
186,section2,essential,（～に）必要不可欠な（to / for）；本質的な
187,section2,official,公用の；公式の；役所の
188,section2,financial,財政（上）の；財界の
189,section2,academic,学問の；大学の
190,section2,aware,気づいて，知って
191,section2,worth,（...する）に値する（doing）；の価値がある
192,section2,potential,潜在的な；可能性を秘めた
193,section2,active,積極的な；活動的な；効力のある
194,section2,digital,デジタル方式の；デジタル［数字］表示の
195,section2,mobile,可動［移動］式の；流動性のある
196,section2,novel,斬新な，目新しい
197,section2,plastic,柔軟な；プラスチックの，ビニールの
198,section2,chemical,化学の，化学的な
199,section2,necessary,必要な（≒ essential ⇒ 186）
200,section2,eventually,結局（は）
201,section3,identify,を特定する；を（～と）同一視する（with）
202,section3,represent,を表す；を代表する；に相当する
203,section3,indicate,を指し示す；を述べる
204,section3,manage,をなんとか成し遂げる；を管理する
205,section3,attend,に出席する；（を）世話する；（～に）対処［対応］する（to）
206,section3,maintain,を維持する；と主張する；を養う
207,section3,survey,を調査する；をじろじろ見る；を概観する
208,section3,replace,に取って代わる；を取り替える
209,section3,sort,を（～に）分類する（into）；を（～から）えり分ける（from）
210,section3,conduct,（調査・実験など）を実施する；を導く
211,section3,associate,を結び付けて考える；（～と）交際する（with）
212,section3,attempt,を試みる，企てる
213,section3,promote,を促進する；〔通例受身形で〕昇進する
214,section3,earn,を稼ぐ；を得る；をもたらす
215,section3,unite,を団結させる；（を）結合する；団結する
216,section3,feed,に食べ物［乳］を与える；に（～を）供給［補給］する（with）；餌を食べる
217,section3,seek,を追い求める；（助けなど）を要請する
218,section3,observe,に気づく；を観察する；を遵守する
219,section3,reveal,を明らかにする；を見せる
220,section3,estimate,と推定する；を見積もる；を評価する
221,section3,reflect,を反映する；（を）反射する；（を）熟考する
222,section3,attract,を引きつける
223,section3,decrease,減少する（⇔ increase ⇒ 2）；を減らす
224,section3,ignore,を無視する
225,section3,match,（と）合う；に匹敵する；一致する
226,section3,define,を定義する；を明確にする
227,section3,adapt,適応する；を（～に）適合させる（to）
228,section3,contribute,貢献する，一因となる；（を）寄付する；（を）寄稿する
229,section3,exchange,（を）交換する；両替する
230,section3,display,を示す；を発揮する；を展示［陳列］する
231,section3,respond,反応する；答える
232,section3,hide,を隠す（≒ conceal ⇒ 1116）；隠れる
233,section3,doubt,ではないと思う；を疑う
234,section3,remove,を取り除く；を解雇する
235,section3,wind,（ねじなど）を巻く；（道などが）曲がりくねる；巻きつく
236,section3,assume,を当然のことと思う，と仮定する；（権力など）を手に入れる；（責任など）を引き受ける
237,section3,relax,くつろぐ；緩む；をくつろがせる；を緩める
238,section3,satisfy,を満足させる；（条件など）を満たす
239,section3,desire,を強く望む
240,section3,succeed,（～に）成功する（in）；（～を）継承する（to）
241,section3,concept,概念；考え；（商品・販売の）コンセプト
242,section3,fashion,流行，ファッション；方法，流儀
243,section3,device,装置，機器；方策；デバイス
244,section3,charge,料金；世話；管理；告発
245,section3,contrast,（～との）対照（with / to）
246,section3,colleague,（職場の）同僚
247,section3,pain,苦痛，痛み；苦悩；〔～s〕骨折り
248,section3,bill,請求書；【英】勘定書（≒ 【米】check）；法案
249,section3,content,内容，中身；コンテンツ
250,section3,section,部門；部分；地区；欄
251,section3,audience,〔集合的に〕聴衆，観客；視聴者
252,section3,surface,表面；〔the ～〕外見
253,section3,crop,〔しばしば～s〕作物；収穫高
254,section3,topic,話題，トピック；主題
255,section3,technique,技術；技巧；手法
256,section3,status,地位；状態
257,section3,option,選択（の自由）；選択肢
258,section3,reward,報酬；報い
259,section3,race,人種；民族；競争
260,section3,crime,罪，犯罪；違法行為
261,section3,conflict,争い；論争；不一致
262,section3,struggle,闘い；懸命の努力
263,section3,context,状況，背景；文脈
264,section3,debate,討論，論争；討論会
265,section3,fuel,燃料；勢いを増加させるもの
266,section3,pollution,汚染，公害
267,section3,trend,（～への）傾向（toward）；流行
268,section3,balance,均衡，バランス；（体の）平衡；残高
269,section3,traffic,交通；通行；交通［輸送］量；（不正）取引
270,section3,strategy,戦略
271,section3,basis,基礎；根拠；基準
272,section3,consequence,〔通例～s〕結果；重大性
273,section3,aim,目的，目標；狙い
274,section3,ancestor,祖先（⇔ descendant 子孫）；原型
275,section3,gene,遺伝子
276,section3,track,跡；軌道；【米】（鉄道の）番線；走路
277,section3,revolution,革命；回転；（天体の）公転（⇔ rotation 自転）
278,section3,progress,進歩；前進
279,section3,cognitive,認知の
280,section3,ideal,理想的な；観念的な
281,section3,efficient,効率的な；有能な
282,section3,universal,普遍的な；宇宙の；万能の
283,section3,vast,莫大な；広大な
284,section3,extra,追加の，余分の；別勘定の
285,section3,entire,全体の，全部の（≒ whole）；完全な
286,section3,familiar,精通している；よく知られている
287,section3,obvious,明らかな（≒ clear）
288,section3,moral,道徳（上）の，倫理的な；道徳的な
289,section3,ordinary,一般の，普通の；並の
290,section3,equal,（～に）等しい（to）；匹敵する；平等な
291,section3,previous,以前の，前の
292,section3,false,間違った；虚偽の；偽の
293,section3,rare,まれな，珍しい；希少な
294,section3,legal,法律の；合法の（⇔ illegal 違法の）
295,section3,independent,（～から）独立した（of / from）
296,section3,extreme,極端な；極度の，過激な
297,section3,actual,実際の，現実の
298,section3,willing,いとわない，かまわないと思う
299,section3,urban,都市の；都会的な（⇔ rural ⇒ 387）
300,section3,whereas,～するのに（対し），～する一方
301,section4,predict,を予言［予測］する
302,section4,examine,を調べる；を診察する；を尋問する
303,section4,trust,を信頼する；を（信頼して）託す
304,section4,stick,を動けなくする；を突き刺す；（～に）くっつく（to / on）
305,section4,emerge,現れる；明らかになる；台頭する
306,section4,vary,さまざまである；変わる；を変える
307,section4,release,を放出する；を解放する；を発表する
308,section4,divide,を分ける；分かれる
309,section4,enable,（人）が...できるようにする；を可能にする
310,section4,judge,（を）判断する；に判決を下す
311,section4,rely,頼る（≒ depend ⇒ 36）
312,section4,engage,を従事させる；を（～として）雇う（as）；（～に）従事する（in / with）
313,section4,shift,を変える，移す；変わる；移動する
314,section4,adopt,を採用する；（態度など）をとる；を養子にする
315,section4,acquire,を得る；を習得する
316,section4,expand,（を）拡大する；（を）詳説する
317,section4,refuse,を拒む；を断る；拒絶する
318,section4,strike,の心を打つ；を襲う；を打つ；（に）ぶつかる
319,section4,repeat,（を）繰り返す；を復唱する
320,section4,consume,を消費する；を食べる，飲む
321,section4,confuse,を混同する；を当惑させる
322,section4,select,を選ぶ，えり抜く
323,section4,evolve,（徐々に）発展する；進化する
324,section4,convince,を納得［確信］させる
325,section4,recall,を思い出す；を呼び戻す
326,section4,destroy,を破壊する；（人）を破滅させる
327,section4,preserve,を保存する；を保持する；を保護する
328,section4,organize,を準備する；を組織する
329,section4,warn,（人）に（～を）警告［注意］する（of / against）
330,section4,address,（問題など）に対処する；に演説する；（手紙など）を（～宛てに）出す（to）
331,section4,operate,を操作する；機能する；手術する
332,section4,participate,参加する
333,section4,surround,を取り巻く；にまつわる
334,section4,flow,流れる；（～から）生じる（from）
335,section4,bore,（人）を退屈させる，うんざりさせる
336,section4,complain,（と）不平［苦情］を言う；訴える
337,section4,host,を主催する；のホスト役を務める
338,section4,combine,を（～と）結び付ける（with）；（～と）結び付く（with）
339,section4,extend,を伸［延］ばす；伸びる；及ぶ
340,section4,appreciate,を正当に評価する；を鑑賞する；を感謝する
341,section4,target,（到達・攻撃）目標；的
342,section4,element,要素，成分；元素；〔an / ofで〕少しの
343,section4,principle,原則，原理；主義，信条
344,section4,phenomenon,現象
345,section4,atmosphere,〔the ～〕大気；雰囲気
346,section4,origin,起源；源
347,section4,personality,個性，性格
348,section4,capacity,（最大）容量，収容能力；（潜在）能力
349,section4,profit,利益；収益（率）；得
350,section4,circumstance,〔通例～s〕状況，事情；境遇
351,section4,manner,〔～s〕作法；方法；物腰
352,section4,threat,脅威；（悪い）兆し；脅迫
353,section4,resident,居住者；滞在者
354,section4,wealth,富；資源；富裕
355,section4,institution,機関；協会；施設；制度
356,section4,authority,〔通例 the ～ties〕（関係）当局；権威；権限
357,section4,vote,投票；投票結果；〔the ～〕選挙権
358,section4,sight,光景；〔the ～s〕名所；見（え）ること；視野；視力
359,section4,campaign,運動；軍事行動
360,section4,fund,〔しばしば～s〕基金，資金
361,section4,web,〔the W-〕ウェブ；（クモの）巣
362,section4,symbol,象徴，シンボル；記号；標章
363,section4,analysis,分析（結果）（⇔ synthesis ⇒ 1868）
364,section4,version,（本・製品などの）版；解釈
365,section4,perspective,観点，見方；大局観；遠近法
366,section4,crisis,危機
367,section4,disaster,災害；惨事
368,section4,lecture,講義，講演；説教
369,section4,psychology,心理学；心理（状態）
370,section4,gender,（社会的・文化的）性，性別
371,section4,custom,（社会的な）慣習；〔～s〕税関；〔～s〕関税
372,section4,court,裁判所，法廷；裁判；宮廷；中庭
373,section4,desert,砂漠；不毛の地
374,section4,soil,土地，土壌；（悪事などの）温床
375,section4,agriculture,農業；農学，畜産
376,section4,fossil,化石；時代遅れの人［物］
377,section4,document,（公）文書，書類；記録，資料
378,section4,vocabulary,語彙
379,section4,intelligent,聡明な；知能を有する
380,section4,conscious,意識して，気づいて（≒ aware）
381,section4,capable,能力がある；有能な
382,section4,accurate,正確な；精密な
383,section4,fundamental,基本的な；必須の
384,section4,artificial,人工の（⇔ natural 自然の）；不自然な
385,section4,firm,確固たる；堅固な；安定した
386,section4,overall,総合的な；全体的な
387,section4,rural,田舎の（⇔ urban ⇒ 299），田園の
388,section4,military,軍の，軍事（用）の
389,section4,nuclear,核の，原子力の
390,section4,biological,生物学（上）の
391,section4,constant,絶え間ない；一定の
392,section4,severe,（人・規律・事態・天気などが）厳しい；猛烈な
393,section4,visual,視覚の；目に見える
394,section4,enormous,莫大な，巨大な
395,section4,convenient,便利な，都合のいい
396,section4,domestic,家庭の；国内の；（動物が）飼いならされた
397,section4,mass,大規模な，大量の；大衆（向け）の
398,section4,typical,典型的な；（～に）特有の（of）
399,section4,overseas,海外へ［に，で］（≒ abroad）
400,section4,nevertheless,それにもかかわらず（≒ nonetheless ⇒ 1000）
401,section5,demonstrate,を論証［証明］する；デモをする
402,section5,behave,振る舞う；作動する
403,section5,educate,を教育する；に教える；（能力など）を養う
404,section5,purchase,を購入する
405,section5,recommend,を勧める
406,section5,admit,（を）（しぶしぶ）認める；に（～への）入場［入学など］を認める（to / into）
407,section5,generate,を生み出す；（電気など）を発生させる
408,section5,explore,（を）調査［探究］する；（を）探検［探査］する
409,section5,amaze,をびっくりさせる
410,section5,tear,を引き裂く；裂ける
411,section5,settle,を解決する；（に）移り住む；を落ち着かせる
412,section5,afford,を持つ［する］余裕がある；を与える
413,section5,conclude,と結論づける；を締めくくる；を締結する
414,section5,advertise,を宣伝する；（～を求める）広告を出す（for）
415,section5,encounter,に遭遇する；に（思いがけず）出会う
416,section5,remind,に思い出させる
417,section5,locate,〔受身形で〕位置する；の位置を探し当てる
418,section5,aid,を援助する，助ける（≒ help）
419,section5,bite,（を）かむ，（に）かみつく；（を）刺す
420,section5,deliver,を配達する；（演説・講義）をする；子を産む
421,section5,perceive,に気づく；を知覚する；を理解する
422,section5,distinguish,を区別する
423,section5,imply,を暗に意味する；を必然的に伴う
424,section5,handle,を処理する，扱う；を論じる；を商う
425,section5,praise,を（～のことで）賞賛する（for）；賛美する
426,section5,appeal,訴える；抗議する；（上級審に）上訴する
427,section5,insist,（を）強く主張する；要求する
428,section5,compete,競う；〔通例否定文で〕（～に）匹敵する（with）
429,section5,rank,を位置づける，評価する；（ある地位に）位置する
430,section5,deny,を否定する；を拒む
431,section5,reject,を拒否する
432,section5,intend,を意図する
433,section5,expose,をさらす；を暴露する；を露出する
434,section5,favor,に賛成する；を好む；をひいきする
435,section5,inspire,（人）を奮起させる；を喚起する
436,section5,propose,を提案する；をもくろむ；結婚を申し込む
437,section5,spell,（語）をつづる；という語になる
438,section5,breathe,呼吸する；を吸う
439,section5,repair,を修理する（≒ fix）；を修復する
440,section5,consist,（～から）成る（of）；（～に）ある（in）
441,section5,comment,意見，コメント；批判
442,section5,instruction,〔通例～s〕指示；〔～s〕（製品の）使用書
443,section5,religion,宗教；信条；信仰（心）
444,section5,neighborhood,地域；近所
445,section5,laboratory,実験室，研究室
446,section5,presence,存在；出席；面前
447,section5,confidence,自信；信頼；秘密
448,section5,harm,害，損害
449,section5,instrument,器具；楽器（≒ musical instrument）
450,section5,category,部類，区分；範疇
451,section5,capital,資本；首都；大文字（≒ capital letter）
452,section5,outcome,結果（≒ result）；成果
453,section5,notion,概念，観念；見解；意向
454,section5,review,（書物などの）論評；再調査；【米】復習
455,section5,trait,特性（≒ feature）
456,section5,diversity,多様性；相違点
457,section5,victim,犠牲（者），被害者
458,section5,occasion,場合，時；行事；機会
459,section5,facility,施設，設備；機能；才能
460,section5,stock,在庫品；蓄え；株
461,section5,conference,会議；協議
462,section5,humanity,人類；人間性；人情；〔（the） ～ties〕人文科学
463,section5,dialect,方言
464,section5,proportion,割合；部分；釣り合い
465,section5,tip,助言，秘訣；チップ；先端
466,section5,lawyer,弁護士
467,section5,stuff,（漠然と）物；素材；素質
468,section5,comfort,快適さ；慰め
469,section5,philosophy,哲学；原理；人生観
470,section5,mammal,哺乳動物
471,section5,quantity,量（⇔ quality ⇒ 69）；分量
472,section5,landscape,風景；領域；状況
473,section5,tribe,部族；仲間
474,section5,organ,器官，臓器；組織；（パイプ）オルガン
475,section5,trial,試み，（品質・性能などの）試験；裁判；試用期間
476,section5,norm,規範；標準
477,section5,code,規範；暗号；法典
478,section5,substance,物質；実体；趣旨
479,section5,multiple,多様な；種々雑多な
480,section5,numerous,非常に数の多い
481,section5,narrow,狭い；細い；限られた
482,section5,widespread,広範囲にわたる；広く普及した
483,section5,sufficient,（～に；...するのに）十分な（for；to do）
484,section5,proper,適切な；正式の；〔名詞の後ろで〕主要な；（～に）固有の（to）
485,section5,linguistic,言語の，言語学の
486,section5,annual,年1回の，例年の；1年間の
487,section5,contemporary,現代の；同時代の；同年輩の
488,section5,contrary,（～と）反対の（to）
489,section5,strict,（規則などが）厳しい；厳格な
490,section5,civil,市民の；民間の；民事の（⇔ criminal 刑事の）
491,section5,odd,奇妙な（≒ strange）；奇数の
492,section5,unknown,不明の；（～に）知られていない（to），無名の
493,section5,superior,よりすぐれた（⇔ inferior ⇒ 1092）
494,section5,sensitive,敏感な；神経質な；微妙な
495,section5,violent,（人・気質などが）激しい；暴力的な
496,section5,virtual,仮想の；事実上の
497,section5,regardless,（～に）かまわない，無頓着な（of）
498,section5,immediate,即座の；当面の；すぐそばの；直接の
499,section5,crucial,重要な
500,section5,somewhat,いくぶん，多少
501,section6,interpret,を解釈する；（を）通訳する
502,section6,translate,を翻訳する；を（～に）変える（into）
503,section6,concentrate,（を）集中する
504,section6,request,に（...するように）頼む（to do）；を要請する
505,section6,criticize,を批判する；を批評する
506,section6,overcome,を克服する
507,section6,obtain,を得る
508,section6,inform,に知らせる；情報を提供する
509,section6,ensure,を確実にする（≒ make sure）；を守る
510,section6,announce,を発表［公表］する，知らせる；（物事が）を告げる
511,section6,grant,（人）に（許可・権利など）を与える；を認める
512,section6,freeze,凍る；を凍らせる；（計画・資金など）を凍結する
513,section6,oppose,に反対する；を対抗［対比］させる
514,section6,differ,異なる
515,section6,hate,をひどく嫌う；を残念に思う
516,section6,emphasize,を強調する；を重視する
517,section6,employ,を雇う（≒ give ～ a job）；を使う（≒ use）
518,section6,credit,（功績など）を（～に）帰する（to）；を信じる
519,section6,transform,を変える；変わる
520,section6,construct,を建設する（＝ build）；を構成する
521,section6,arise,生じる
522,section6,beat,を打ち負かす；（を）打つ，たたく
523,section6,regret,を後悔する
524,section6,alter,を変える；変わる（≒ change）
525,section6,absorb,を吸収する；を併合する；を夢中にさせる
526,section6,disappoint,を失望させる；（希望など）をくじく
527,section6,cure,を治す；を取り除く；（病気が）治る
528,section6,transport,を輸送する；を運ぶ
529,section6,rush,急いで行く；性急に行動する；をせき立てる
530,section6,hang,を掛ける；を絞首刑にする；垂れ（下が）る
531,section6,blame,を責める；の責任を負わせる
532,section6,ban,を（法的に）禁止する；を締め出す
533,section6,fascinate,を魅了する
534,section6,recover,回復する；を取り戻す
535,section6,celebrate,を祝う；を挙行する
536,section6,manufacture,を製造する；をでっち上げる
537,section6,interact,影響し合う；相互に作用する
538,section6,arrange,の段取りをつける；を手配する；を配置する
539,section6,adjust,を調整する；を適合させる；順応する
540,section6,confirm,を確認する；を裏づける
541,section6,insight,見識，理解（力）；洞察力
542,section6,innovation,革新；新機軸
543,section6,budget,予算；経費
544,section6,fee,料金；謝礼
545,section6,expense,〔～s〕経費；費用；犠牲
546,section6,debt,借金，負債；恩義
547,section6,loan,貸付金，融資；貸すこと
548,section6,duty,義務；〔しばしば～ties〕職務；関税
549,section6,alarm,不安，恐れ；警報装置
550,section6,emergency,緊急（事態）
551,section6,democracy,民主主義，民主政治；民主国家
552,section6,minister,大臣；（プロテスタント系の）聖職者
553,section6,fellow,仲間，同僚；同級生；男
554,section6,candidate,（～の）候補（者）（for）；志願者
555,section6,corporation,（大）企業；法人
556,section6,stereotype,固定観念；決まり文句
557,section6,route,道（筋）；路線，ルート；（～の）手段（to）
558,section6,disorder,障害，（心身の）不調；混乱
559,section6,depression,憂うつ；うつ病；不況；低気圧
560,section6,weapon,兵器，武器（≒ arms）
561,section6,immigration,（他国からの）移民，移住；入国管理
562,section6,barrier,（～に対する）障壁（against / to）；防壁
563,section6,disadvantage,不利（な点）；障害；（信用などの）損失
564,section6,mood,気分；機嫌；雰囲気
565,section6,motion,動き，動作；運動；動議
566,section6,routine,決まり切った仕事；いつもの手順
567,section6,discipline,規律，しつけ；訓練；懲戒；学問分野
568,section6,myth,作り話；神話
569,section6,hypothesis,仮説；憶測
570,section6,physician,【主に米】 医師（≒ doctor）；内科医
571,section6,client,顧客（≒ customer）；（弁護士などの）依頼人
572,section6,colony,植民地；集団居住地；（動植物の）コロニー
573,section6,statistics,統計；統計学
574,section6,grain,穀物；粒；きめ
575,section6,ingredient,材料，成分；（成功の）要因
576,section6,treasure,宝物，財宝；財産
577,section6,contract,契約（書）；協定
578,section6,welfare,福祉，幸福
579,section6,prime,主要な，最も重要な；最適な；極上の
580,section6,curious,好奇心の強い；奇妙な
581,section6,dramatic,劇的な；演劇の
582,section6,distinct,明らかに異なる；明瞭な
583,section6,anxious,心配して；切望して
584,section6,vital,必要不可欠な；活気のある；生命にかかわる
585,section6,conventional,従来の；月並みな
586,section6,abstract,抽象的な（⇔ concrete ⇒ 783）
587,section6,minor,重要でない；小さい（⇔ major ⇒ 88）
588,section6,extraordinary,並はずれた；異常な，驚くべき
589,section6,stable,安定した（⇔ unstable 不安定な）；動じない
590,section6,flexible,融通の利く，柔軟な
591,section6,brief,簡潔な；短い
592,section6,aggressive,攻撃的な；意欲的な
593,section6,visible,（目に）見える（⇔ invisible 見えない）；明白な
594,section6,unexpected,思いがけない，不意の
595,section6,ethnic,民族の，人種の；民族特有の
596,section6,alien,（～にとって）異質の（to）；外国の；宇宙人の
597,section6,initial,初めの
598,section6,exact,正確な；まさにその
599,section6,precise,正確な（≒ exact）；精密な；まさにその
600,section6,latter,後者の（⇔ former 前者の），後半の
601,section7,commit,〔commit oneselfまたは受身形で〕献身する；（罪など）を犯す；を投入する
602,section7,stimulate,を刺激する
603,section7,enhance,（価値など）を高める，増す
604,section7,pursue,を追求する；に従事する
605,section7,react,反応する；化学反応を起こす
606,section7,disagree,不賛成である；意見が食い違う
607,section7,stare,じっと見る；を見つめる
608,section7,abandon,を捨てる；を放棄する，断念する
609,section7,quit,をやめる；（場所）を去る
610,section7,capture,をとらえる；をとりこにする
611,section7,transfer,を移す；を伝える；移る；乗り換える
612,section7,bother,を悩ます；（～を）気にかける（about / with）
613,section7,persuade,を説得する；に確信させる
614,section7,rent,を賃借りする；を賃貸しする
615,section7,breed,を繁殖させる，育てる；繁殖する
616,section7,invest,（を）投資する；に（～を）与える（with）
617,section7,reserve,を予約する；を取っておく；（判断など）を保留する
618,section7,trace,（足跡・起源など）をたどる；を捜し出す
619,section7,illustrate,を説明する；に挿絵を入れる
620,section7,advise,に忠告［助言］する；（を）助言する
621,section7,convey,を伝える；を運ぶ，運搬する
622,section7,attach,を（取り）付ける；を付与する
623,section7,stretch,を伸ばす；を広げる；伸びる；及ぶ
624,section7,puzzle,を当惑させる
625,section7,disturb,をかき乱す；を妨害する；を動揺させる
626,section7,crash,衝突する，墜落する；をぶつけて壊す
627,section7,cope,うまく処理する
628,section7,permit,を許可する（≒ allow）（⇔ forbid ⇒ 1013）
629,section7,impress,を感動させる；に印象を与える
630,section7,suspect,ではないかと思う；（人）を疑う
631,section7,upset,を動揺させる；をだめにする
632,section7,frighten,（人）を怖がらせる
633,section7,import,を輸入する（⇔ export （を）輸出する）；を取り込む
634,section7,export,（を）輸出する（⇔ import を輸入する）
635,section7,investigate,を調査する；を究明する；（～を）調査する（into）
636,section7,monitor,を監視する；を傍受する
637,section7,calculate,を計算する；を予測する
638,section7,eliminate,を取り除く
639,section7,ease,を軽減する；和らぐ；緩む
640,section7,launch,を開始する；を売り出す；を発射する
641,section7,sequence,連続；一連（のもの）
642,section7,therapy,療法；心理療法
643,section7,symptom,症状；兆候（≒ sign）
644,section7,incident,出来事，事件；紛争
645,section7,witness,目撃者（≒ eyewitness）；証人；証拠，証言
646,section7,sum,（金）額；合計；要点
647,section7,burden,負担；（重い）義務；積み荷
648,section7,tone,口調；音色；雰囲気；色調
649,section7,honor,光栄；名誉（⇔ dishonor 不名誉）；敬意
650,section7,award,（～の）賞（for）；（証書などの）授与
651,section7,priority,優先（事項）
652,section7,logic,論理；道理；論理学
653,section7,minimum,最小限度（⇔ maximum ⇒ 965）
654,section7,exception,（～の）例外（to）
655,section7,clue,（～の）手がかり（to / about）；（パズルの）ヒント
656,section7,bond,絆；債券；束縛；接着剤
657,section7,virus,ウイルス；（感染症の）病原体
658,section7,surgery,（外科）手術；外科，外科医学
659,section7,insurance,保険；保険料；保険金
660,section7,frame,枠，（額）縁；骨組み；体格
661,section7,shelter,避難（所），保護
662,section7,territory,領土；（活動の）領域；（動物の）テリトリー
663,section7,boundary,境界（線）；〔通例～ries〕限界
664,section7,habitat,生息地；（人の）居住地
665,section7,district,地区；行政区
666,section7,conservation,（動植物などの）保護；保存
667,section7,harvest,収穫（物）；収穫期；漁獲高
668,section7,predator,捕食動物；略奪者
669,section7,trap,わな；苦境
670,section7,trick,こつ；策略；いたずら；芸当
671,section7,fault,〔通例one's ～〕責任；欠点；誤り
672,section7,discount,割引
673,section7,bias,偏見；傾向
674,section7,cooperation,協力，共同
675,section7,patent,特許（権）；特許品
676,section7,dialogue,対話，会話；意見の交換
677,section7,component,構成要素；部品
678,section7,reputation,評判；名声
679,section7,verbal,言葉の；口頭での；動詞の
680,section7,internal,内部の（⇔ external ⇒ 989）；国内の；内面的な
681,section7,solid,しっかりした；硬い；固体の
682,section7,remote,（～から）遠く離れた（from）；かけ離れた
683,section7,principal,主要な；資本金の
684,section7,sophisticated,高性能の，精巧な；洗練された
685,section7,equivalent,等しい，相当する
686,section7,rational,理性的な；合理的な
687,section7,relevant,関係がある；適切な
688,section7,absolute,絶対的な（⇔ relative 相対的な）
689,section7,frequent,頻繁な
690,section7,permanent,永続的な（⇔ temporary ⇒ 793）
691,section7,intense,強烈な；熱烈な
692,section7,meaningful,意味のある
693,section7,evil,邪悪な；有害な
694,section7,extinct,絶滅した；廃止された
695,section7,random,無作為の；手当たり次第の
696,section7,raw,生の；未加工の
697,section7,rude,無礼な（⇔ polite 礼儀正しい）；粗野な
698,section7,mere,単なる，ほんの
699,section7,tropical,熱帯の
700,section7,forth,前へ，先へ；それ以降
701,section8,possess,を所有している；の心をとらえる
702,section8,dominate,を支配する；（～より）優勢である（over）
703,section8,guarantee,を保証する
704,section8,melt,溶ける；なごむ；を溶かす
705,section8,embarrass,に恥ずかしい思いをさせる
706,section8,discourage,（人）にやる気をなくさせる；を落胆させる（⇔ encourage ⇒ 30）
707,section8,detect,を感知する；を見つけ出す；に気づく
708,section8,devote,をささげる
709,section8,urge,に（強く）促す；を強く主張する；を駆り立てる
710,section8,lend,を貸す（⇔ borrow を借りる）；（人）に（助言・援助など）を与える
711,section8,restrict,を制限する
712,section8,isolate,を孤立させる
713,section8,accompany,に同行する；に付随する
714,section8,exhaust,を疲れ果てさせる；を使い尽くす；排気する
715,section8,annoy,を悩ます；〔受身形で〕腹が立つ
716,section8,endanger,を危険にさらす
717,section8,acknowledge,（事実など）を認める（≒ admit ⇒ 406）；に謝意を表す
718,section8,admire,に（～のことで）敬服［感心］する（for）
719,section8,evaluate,を評価する；を査定する
720,section8,declare,を宣言する；を申告する
721,section8,secure,を確保する；を守る
722,section8,specialize,専門とする；【英】（～を）専攻する（in）（≒ 【米】major）
723,section8,attribute,（結果など）を（～に）帰する（to）
724,section8,pretend,（の）ふりをする
725,section8,bury,を埋める；を埋葬する；を隠す
726,section8,reverse,を逆転させる；を反対にする
727,section8,resist,に抵抗する；〔通例否定文で〕を我慢する
728,section8,scare,をおびえさせる；を脅す
729,section8,imitate,をまねる；を模造する
730,section8,assist,（を）援助する；を手伝う
731,section8,resemble,に似ている
732,section8,retire,（～から）引退する，退職する（from）；退く
733,section8,neglect,をおろそかにする，怠る；を無視する
734,section8,collapse,崩壊する；（人が）倒れる；を折り畳む
735,section8,reform,を改革する；を改心させる
736,section8,protest,（に）抗議する；を主張する
737,section8,owe,に借りがある；のおかげである
738,section8,sustain,を持続させる；を支える
739,section8,assign,を割り当てる；を（～に）配属する（to）
740,section8,accomplish,を成し遂げる
741,section8,wisdom,知恵；賢明さ；学識
742,section8,literacy,読み書きの能力；（特定分野の）知識
743,section8,heritage,遺産
744,section8,mission,使命；（外交）使節団；布教
745,section8,license,免許（証）；許可
746,section8,elite,〔通例the ～〕〔集合的に〕エリート
747,section8,layer,層
748,section8,motor,モーター；原動力
749,section8,protein,たんぱく質
750,section8,profession,職業；専門職；同業者仲間
751,section8,editor,編集者；編集長
752,section8,agent,仲介者，代理人；薬剤
753,section8,globe,地球（≒ earth）；世界；球
754,section8,haven,避難所，保護区；港
755,section8,row,列；（建物が並ぶ）通り
756,section8,sacrifice,犠牲；いけにえ
757,section8,means,〔単数・複数扱い〕手段；〔複数扱い〕資力，収入
758,section8,session,集まり；（議会の）会期；（開会中の）議会
759,section8,league,（競技）連盟；同盟
760,section8,contest,コンテスト，競技（会）；争い
761,section8,guard,警備員；警備隊；監視，警戒
762,section8,opponent,（試合・論争などの）相手；反対者
763,section8,glance,（～を）ちらっと見ること（at）
764,section8,divorce,離婚；分離
765,section8,tissue,（生物の）組織；ティッシュペーパー
766,section8,liquid,液体
767,section8,inequality,不平等；不公平な事柄
768,section8,prejudice,（～に対する）偏見（against）（≒ bias）
769,section8,justice,公正，正義；司法
770,section8,guideline,指針，ガイドライン；指導基準
771,section8,platform,プラットフォーム；演壇；舞台
772,section8,sector,（社会・経済などの）部門，セクター；（都市内の）地域
773,section8,channel,チャンネル；伝達経路；海峡
774,section8,glacier,氷河
775,section8,primate,霊長目の動物
776,section8,usage,（使）用法；語法；習慣
777,section8,fortune,財産；幸運（≒ luck）；運命
778,section8,correlation,相互関係，相関（関係）
779,section8,artistic,芸術的な
780,section8,literary,文学の；文語の（⇔ colloquial 口語体の）
781,section8,classic,第一級の；典型的な；定番の
782,section8,liberal,自由主義の；寛大な；一般教養の
783,section8,concrete,具体的な（⇔ abstract ⇒ 586）；有形の
784,section8,slight,わずかな；取るに足らない
785,section8,federal,連邦（政府）の
786,section8,primitive,原始的な；未開の
787,section8,unfamiliar,（～に）不慣れな（with）；（～に）（よく）知られていない（to）
788,section8,subtle,微妙な；（気体などが）希薄な
789,section8,plain,明らかな；平易な；飾りのない；率直な
790,section8,marine,海の；船舶の
791,section8,apparent,明白な；一見～らしい
792,section8,reluctant,気が進まない，嫌がる（⇔ willing ⇒ 298）
793,section8,temporary,一時的な（⇔ permanent ⇒ 690）
794,section8,guilty,罪悪感のある；（～について）有罪の（of）
795,section8,royal,王の
796,section8,pure,純粋な；潔白な；まったくの
797,section8,incredible,信じられない；すばらしい
798,section8,eager,（～を）熱望して（for）；熱心な
799,section8,adequate,十分な；適切な（⇔ inadequate 不適切な）
800,section8,via,～経由で；～の媒介で
801,section9,assess,を評価する；を査定する
802,section9,approve,賛成する；を承認する
803,section9,remark,と述べる；（～について）意見を述べる（on / upon）
804,section9,pose,（危険）を引き起こす；（問題など）を提起する；ポーズをとる；（～を）装う（as）
805,section9,yield,をもたらす；を（～に）譲る（to）；（～に）屈する（to）
806,section9,exhibit,を示す，見せる；を展示する
807,section9,distribute,を（～に）分配する（to）；〔受身形で〕分布する
808,section9,command,を命じる；を指揮する；（景色）を見渡せる
809,section9,occupy,（空間・時間）を占める；を占領する
810,section9,pop,ひょいと動く；不意に現れる；ポンとはじける
811,section9,pile,を積み重ねる；積み重なる
812,section9,greet,に挨拶する；を迎える
813,section9,apologize,（～に；～のことで）謝る（to；for）；弁明する
814,section9,frustrate,をいら立たせる；（計画・希望など）を挫折させる
815,section9,relieve,を和らげる；〔受身形で〕（...して）安心する（to do）；を解放する
816,section9,derive,由来する；を引き出す；を推論する
817,section9,deserve,に値する
818,section9,peer,（～を）じっと見る（at / into）
819,section9,defeat,を負かす（≒ beat）；を失敗させる
820,section9,convert,を変える；を改宗［転向］させる；を交換する
821,section9,wed,と結婚する；を（～と）結婚させる（to）
822,section9,delight,を喜ばせる；（～を）大いに喜ぶ（in）
823,section9,boost,を押し上げる；を増加させる
824,section9,endure,に耐える（≒ put up with）；（に）持ちこたえる
825,section9,correspond,一致する；（～に）相当する（to）；文通する
826,section9,impose,を課す；を押しつける
827,section9,rescue,を救う
828,section9,resolve,を解決する；を決意する；を議決する
829,section9,register,を記録する，登録する；（～に）登録する（for）
830,section9,interrupt,を中断させる；（の）邪魔をする
831,section9,rid,から（～を）取り除く，除去する（of）
832,section9,prohibit,を禁止する
833,section9,compose,を構成する；を創作する；を鎮静する
834,section9,misunderstand,（を）誤解する
835,section9,punish,を罰する；に損傷を与える
836,section9,ruin,をだめにする；を破滅させる；破滅する
837,section9,defend,を防御する；を弁護する
838,section9,embrace,を受け入れる；（を）抱擁する；を包含する
839,section9,modify,を修正する；を緩和する
840,section9,qualify,（人）に資格を与える；資格がある
841,section9,passion,情熱；熱中；激怒
842,section9,enthusiasm,（～への）熱情，熱意（for）
843,section9,phase,段階，局面；側面
844,section9,mode,方式；気分；形態；流行
845,section9,span,期間；範囲
846,section9,gravity,重力，引力；重量；重大さ
847,section9,orbit,軌道；（活動・勢力などの）範囲
848,section9,asteroid,小惑星（≒ minor planet）；ヒトデ（＝ starfish）
849,section9,core,核心；芯
850,section9,soul,精神；魂，霊魂；生気
851,section9,nerve,神経；〔～s〕神経過敏；（...する）度胸（to do）
852,section9,infection,感染（症）
853,section9,mall,【主に米】 モール，ショッピングセンター
854,section9,grocery,〔～ies〕食料雑貨；食料雑貨店
855,section9,humor,ユーモア；気分，機嫌；気質
856,section9,instinct,本能；勘，直感；（自然に起こる）衝動
857,section9,faith,（～への）信頼（in）；信仰（心）
858,section9,courage,勇気
859,section9,incentive,動機（づけ）；報奨金
860,section9,prospect,見込み；〔～s〕（未来への）展望；有望な人
861,section9,obstacle,（～に対する）障害（物）（to）
862,section9,architecture,建築；建築様式；構造
863,section9,stem,（草木の）茎，幹
864,section9,illusion,錯覚，思い違い；幻想
865,section9,discrimination,（～に対する）差別（against）；区別
866,section9,shame,恥；残念なこと
867,section9,drought,干ばつ；（慢性的な）不足
868,section9,flavor,風味；特色
869,section9,portion,部分；1人前；割り当て
870,section9,recipe,調理法，レシピ；手順；秘訣
871,section9,luxury,ぜいたく（品）；〔形容詞的に〕豪華な
872,section9,chip,小片，破片；欠けた箇所；集積回路
873,section9,ritual,儀式；（日常の）習慣的行為
874,section9,sake,〔for the ～ ofで〕のために，の目的で；に免じて
875,section9,prefecture,（日本の）県，府；（フランスなどの）県
876,section9,council,（地方）議会；評議会；（公の）会議
877,section9,administration,管理（部）；行政；政府（機関）
878,section9,curriculum,教育課程，カリキュラム
879,section9,precious,貴重な；高価な（≒ valuable）
880,section9,generous,寛大な；気前のよい（⇔ stingy けちな）；豊富な
881,section9,casual,何気ない；形式ばらない
882,section9,optimistic,楽観的な（⇔ pessimistic ⇒ 1593）
883,section9,rough,粗い；大まかな；乱暴な
884,section9,unpleasant,不愉快な；不親切な，無礼な
885,section9,Arctic,北極の（⇔ Antarctic 南極の）
886,section9,ultimate,究極の
887,section9,deaf,耳が聞こえない（≒ hard of hearing）
888,section9,genuine,本物の（≒ authentic ⇒ 1580、 real）；偽りのない
889,section9,manual,体［手］を使う；手の；手動式の
890,section9,mechanical,機械の；機械的な
891,section9,instant,即時の，すぐの；即席の
892,section9,spare,余分の，予備の
893,section9,immune,（～に対して）免疫を持つ（to）；（～を）免れた（from）
894,section9,harsh,厳しい；（光・色・味などが）不快な
895,section9,collective,集団の，共同の
896,section9,inevitable,避けられない
897,section9,profound,重大な；深い；難解な
898,section9,steady,着実な，一定の；安定した
899,section9,mature,成熟した（⇔ immature 未熟な）；熟した
900,section9,likewise,同様に（≒ in the same way）
901,section10,chase,（を）追跡する；（を）追求する
902,section10,sue,を告訴する；（～を求めて）訴訟を起こす（for）
903,section10,gaze,じっと見る
904,section10,slip,滑る；滑り落ちる；そっと動く
905,section10,load,に積む；に負わせる
906,section10,overwhelm,を圧倒する；を（精神的に）打ちのめす
907,section10,wander,歩き回る；それる；はぐれる
908,section10,float,漂う，浮かぶ；を浮かべる
909,section10,pour,を注ぐ；激しく降る；押し寄せる
910,section10,substitute,を代わりに使う；（～の）代理をする（for）
911,section10,pronounce,を発音する；を宣言する
912,section10,shrink,縮む，縮小する；減少する；ひるむ
913,section10,restore,を回復させる；を修復する
914,section10,trigger,を引き起こす；のきっかけとなる
915,section10,grab,をつかむ；を横取りする；を急いで食べる
916,section10,retain,を保持する；を覚えている
917,section10,reproduce,を複製する；を繁殖させる；繁殖する
918,section10,bob,上下に動く；急に動く；を上下に動かす
919,section10,entertain,を楽しませる；をもてなす
920,section10,interfere,干渉する，介入する；邪魔する
921,section10,cultivate,を養う；を耕す；を栽培する
922,section10,underlie,の根底にある
923,section10,anticipate,を予期する；楽しみに待つ
924,section10,justify,を正当化する
925,section10,regulate,を規制する；を調整する
926,section10,scan,を走査［スキャン］する；をざっと見る；を注意深く調べる
927,section10,classify,を分類する；を機密扱いにする
928,section10,submit,を提出する；〔submit oneselfで〕（～に）従う（to）
929,section10,pause,（一時的に）中止する；（一瞬）立ち止まる
930,section10,lean,傾く；寄りかかる；をもたせかける
931,section10,bump,ぶつかる；をぶつける
932,section10,fold,を折り畳む；（両腕）を組む；（折り）畳める
933,section10,hesitate,躊躇する，ためらう
934,section10,pump,（液体・気体）をポンプで送り込む；をくみ出す；を注ぎ込む
935,section10,mount,を据えつける；に着手する；（自転車など）に乗る；増える
936,section10,exceed,を超える；に勝る
937,section10,undergo,を経験する；（手術など）を受ける；に耐える
938,section10,confront,に立ち向かう；（困難などが）に立ちはだかる
939,section10,consult,（に）相談する；を参照する
940,section10,fulfill,を実現させる；を果たす；を満たす
941,section10,privilege,特権，特典
942,section10,formation,形成；構成（物）；隊列
943,section10,dimension,側面，局面；次元；寸法
944,section10,neuron,ニューロン，神経単位
945,section10,sensation,感覚；大評判
946,section10,chart,図，グラフ；海図；ヒットチャート
947,section10,geography,〔the ～〕地理；地理学
948,section10,panel,（専門家の）一団；討論者一同；羽目板
949,section10,semester,【主に米】 （2学期制の）学期
950,section10,workforce,労働人口，総労働力；全従業員（数）
951,section10,mill,製造工場；製粉所；粉ひき機
952,section10,abuse,乱用；虐待
953,section10,vice,（道徳上の）悪（⇔ virtue ⇒ 1078）；欠点
954,section10,fate,運命；結末；最期
955,section10,tragedy,悲劇（的な事態）（⇔ comedy 喜劇）
956,section10,scenario,（予想される）筋書き，事態；脚本
957,section10,allergy,アレルギー
958,section10,wound,（銃弾・刃物などによる）傷；痛手
959,section10,antibiotic,〔通例～s〕抗生物質
960,section10,vaccine,ワクチン
961,section10,metaphor,隠喩；比喩
962,section10,folk,人々；〔～s〕皆さん；〔one's ～s〕家族
963,section10,fare,（乗り物の）料金
964,section10,transition,移り変わり；過渡期
965,section10,maximum,最大限（⇔ minimum ⇒ 653）
966,section10,galaxy,星雲，銀河；〔the G～〕銀河系
967,section10,mineral,鉱物；ミネラル
968,section10,skeleton,骨格；骨組み；概略
969,section10,counterpart,相当する物［人］
970,section10,stroke,脳卒中；（ボールを）打つこと；（雷などの）一撃
971,section10,pedestrian,歩行者
972,section10,trail,（野山などの）小道；跡；手がかり
973,section10,ecology,生態学；生態系；環境保護
974,section10,sibling,きょうだい（の1人）
975,section10,ratio,比率
976,section10,mixture,混合（物）
977,section10,charm,魅力；お守り
978,section10,ambition,（～に対する）願望，野望（for）；野心
979,section10,prominent,卓越した；目立つ
980,section10,radical,急進的な；根本的な
981,section10,prompt,即座の，迅速な
982,section10,informal,形式ばらない，略式の（⇔ formal 正式の）；（言葉が）くだけた
983,section10,mutual,相互の；共通の
984,section10,neutral,中立の；（特徴・表情などが）はっきりしない
985,section10,alert,警戒して；敏速な
986,section10,magnetic,磁気の；磁石の；人を引きつける
987,section10,polar,極地の；電極の
988,section10,fluent,流ちょうな
989,section10,external,外部の（⇔ internal ⇒ 680）；対外的な
990,section10,passive,受動的な；消極的な
991,section10,awful,ひどい；嫌な；ものすごい
992,section10,unrelated,無関係の；血縁関係がない
993,section10,cruel,残酷な；むごい
994,section10,fake,偽の；見せかけだけの
995,section10,vulnerable,（攻撃などに）弱い，もろい；傷つきやすい
996,section10,urgent,緊急の
997,section10,spiritual,精神の（⇔ material ⇒ 73）；霊的な
998,section10,modest,謙虚な（≒ humble）；適度な；質素な
999,section10,keen,熱心な；鋭敏な；（感情・関心などが）強い
1000,section10,nonetheless,それにもかかわらず，それでもなお（≒ nevertheless）
1001,section11,negotiate,交渉する；を（交渉して）取り決める
1002,section11,grasp,を把握［理解］する；をしっかり握る
1003,section11,donate,を寄付する；（臓器・血液）を提供する
1004,section11,arrest,を逮捕する；を止める；（注意）を引く
1005,section11,crack,ひびが入る；にひびを入れる
1006,section11,tap,を軽くたたく；（液体）を出す；を盗聴する
1007,section11,split,を分割する；を分担する；分裂する
1008,section11,forecast,を予想［予測］する
1009,section11,exclude,を除外する（⇔include を含む）
1010,section11,overlook,を見落とす；を大目に見る；を見渡す
1011,section11,burst,破裂する；（～を）突然始める（into）
1012,section11,heal,（人・傷など）を治す；治る
1013,section11,forbid,を禁じる（⇔permit 許可する）
1014,section11,install,をインストールする；を設置する；を就任させる
1015,section11,diminish,を減らす；減少する（≒decrease）
1016,section11,cite,を引き合いに出す；を引用する
1017,section11,quote,を引用する；を引き合いに出す
1018,section11,dispute,に異議を唱える；（を）議論する
1019,section11,highlight,を目立たせる、強調する
1020,section11,distract,（注意など）をそらす
1021,section11,cheat,をだます；不正をする
1022,section11,foster,をはぐくむ；を養育する；を心に抱く
1023,section11,obey,に従う；に服従する
1024,section11,bend,を曲げる；を屈服させる；曲がる
1025,section11,deprive,から（権利などを）奪う
1026,section11,govern,（を）統治する、支配する
1027,section11,log,〔log onで〕ログオンする；を記録する
1028,section11,transmit,を伝える；（電波・信号など）を送る
1029,section11,bully,をいじめる；を脅す
1030,section11,leap,跳ぶ；さっと動く；急上昇する
1031,section11,astonish,を驚かす
1032,section11,thrill,をぞくぞくさせる；わくわくする
1033,section11,nod,うなずく；会釈する；うとうとする
1034,section11,bow,おじぎする；屈服する
1035,section11,blend,を混ぜる；を調和させる；（～に）溶け込む（into）
1036,section11,complicate,を複雑にする
1037,section11,pitch,を投げる；倒れる；縦揺れする
1038,section11,persist,続く；固執する
1039,section11,dedicate,をささげる；を献呈する
1040,section11,equip,に備えつける
1041,section11,premise,前提；〔～s〕（建物を含めた）構内、敷地
1042,section11,input,入力（情報）、投入；（情報・時間などの）提供
1043,section11,merit,利点（⇔demerit 欠点）；功績；真価
1044,section11,sympathy,同情；（～に対する）共感（with/for）
1045,section11,compliment,賛辞；表敬
1046,section11,infrastructure,インフラ、基本的施設；（経済）基盤
1047,section11,ray,光線；ひらめき、一筋の光明
1048,section11,distress,苦悩；苦痛；困窮
1049,section11,joint,関節；接合（部）
1050,section11,expedition,遠征（隊）、探検（隊）
1051,section11,adolescent,青年；青年期の
1052,section11,shade,（日）陰；色合い；日よけ；微妙な相違
1053,section11,jury,陪審（員団）；審査員団
1054,section11,ethic,倫理、道徳；〔～s〕倫理［道徳］規範
1055,section11,penalty,（刑）罰；罰金；ペナルティー
1056,section11,faculty,能力、機能；学部；教授陣
1057,section11,scheme,計画（≒plan）；体系；陰謀
1058,section11,nutrition,栄養（の摂取）
1059,section11,particle,（微）粒子；ほんのわずか
1060,section11,molecule,分子；微粒子
1061,section11,nationality,国籍；国民；国民性
1062,section11,poll,世論調査；投票（数）
1063,section11,clinic,診療所、クリニック；（病院内の）～科
1064,section11,dementia,認知症
1065,section11,fatigue,疲労（≒exhaustion）
1066,section11,dilemma,ジレンマ、板ばさみ
1067,section11,queue,【英】（順番を待つ）列
1068,section11,curve,（道路などの）カーブ；曲線
1069,section11,narrative,物語、話；（小説の）叙述部分、地の文
1070,section11,fingerprint,指紋
1071,section11,file,ファイル；（書類の）とじ込み
1072,section11,wilderness,荒野；（庭・町などの）放置された部分
1073,section11,pesticide,殺虫剤；除草剤（≒herbicide）
1074,section11,panic,パニック（状態）；狼狽
1075,section11,fabric,織物、布（地）；構造
1076,section11,fantasy,空想；幻想；幻想的作品
1077,section11,fancy,（気まぐれな）好み；空想；思いつき
1078,section11,virtue,美徳（⇔vice 悪）；長所；効能
1079,section11,grateful,感謝している
1080,section11,valid,妥当な；有効な
1081,section11,elaborate,入念な；凝った
1082,section11,moderate,適度な；穏健な
1083,section11,dynamic,活動的な、精力的な；動的な（⇔static 静的な）
1084,section11,brave,勇敢な（⇔cowardly 臆病な）；見事な
1085,section11,brilliant,すばらしい；才能にあふれた；きらめく
1086,section11,tremendous,途方もない、莫大な；すばらしい
1087,section11,oral,口頭の
1088,section11,innocent,無罪の（⇔guilty 有罪の）；無邪気な；無知の
1089,section11,subsequent,その後の
1090,section11,shallow,浅い（⇔deep 深い）；浅薄な
1091,section11,indifferent,無関心な（≒uninterested）
1092,section11,inferior,より劣った（⇔superior よりすぐれた）
1093,section11,awkward,気まずい；ぎこちない；厄介な
1094,section11,obese,肥満した
1095,section11,pregnant,妊娠した；（～で）満ちている（with）
1096,section11,intimate,親密な；密接な
1097,section11,medieval,中世の；時代遅れの
1098,section11,sacred,神聖な（≒holy）；宗教的な；厳粛な
1099,section11,simultaneously,（～と）同時に（with）；一斉に
1100,section11,versus,〔A ～ Bで〕A対B；AかBか
1101,section12,proceed,進む，進行する；（～を）続行する（with）
1102,section12,orient,（人）を（環境などに）慣らす（to）；〔受身形で〕（関心などが）（～に）向いている（to / toward）
1103,section12,surf,（インターネット上の情報など）を見て回る；サーフィンをする
1104,section12,filter,をろ過する；を取り除く
1105,section12,bind,を縛る；を束縛する；を結び付ける
1106,section12,resort,（好ましくない手段に）訴える，頼る（to）
1107,section12,reinforce,を強化する；を補強する
1108,section12,accumulate,を蓄積する，集める；積もる
1109,section12,bet,と確信する，断言する；（金などを）かける
1110,section12,advocate,を主張する；を擁護する
1111,section12,constitute,を構成する；になる，に等しい
1112,section12,undertake,を引き受ける；を保証する；に着手する
1113,section12,grip,を握る；をとらえる
1114,section12,dismiss,（意見など）を退ける；を解雇する
1115,section12,fade,薄れる；衰える
1116,section12,conceal,を隠す（≒ hide）；を秘密にする（⇔uncover ⇒ 1236）
1117,section12,chew,（を）かむ；をかみ砕く
1118,section12,swallow,（を）飲み込む；をうのみにする；に耐える
1119,section12,seal,を密閉する；に封をする
1120,section12,migrate,移住する；（鳥などが）渡る
1121,section12,exaggerate,（を）誇張する；を強調する
1122,section12,accuse,を非難する；を告訴する
1123,section12,vanish,消える（≒ disappear）
1124,section12,polish,を磨く；を洗練させる
1125,section12,wipe,を拭く；を拭き取る；を消し去る
1126,section12,sweep,（を）掃く；を一掃する；さっと通過する
1127,section12,mislead,を誤解させる，欺く；（人）を間違った方向に導く
1128,section12,spoil,を台無しにする；を甘やかす；だめになる
1129,section12,compound,を悪化させる；を合成する；を混合する
1130,section12,explode,爆発する；急増する；を論破する
1131,section12,disgust,をむかつかせる；に愛想を尽かせる
1132,section12,commute,通勤［通学］する
1133,section12,decorate,を装飾する
1134,section12,postpone,を延期する（≒ put off）
1135,section12,cease,をやめる；終わる
1136,section12,compromise,妥協する；を危うくする
1137,section12,elect,を選出する
1138,section12,extract,を取り［搾り］出す；を抜粋する
1139,section12,inherit,を受け継ぐ；を相続する
1140,section12,rear,（人・動物・植物）を育てる（≒ raise）
1141,section12,empathy,感情移入，共感
1142,section12,cue,合図；手がかり；（次の演技の）キュー
1143,section12,enterprise,企業，事業；企画；進取の気性
1144,section12,output,生産（高）；出力；排出（量）
1145,section12,congress,（米国などの）議会；会議
1146,section12,millennium,千年間，千年紀
1147,section12,mankind,人類
1148,section12,Muslim,イスラム教徒
1149,section12,estate,（動産・不動産などの）財産；私有地
1150,section12,landmine,地雷
1151,section12,caution,用心；警告
1152,section12,controversy,論争
1153,section12,consensus,総意；（意見の）一致
1154,section12,retail,小売り（⇔ wholesale 卸売り）
1155,section12,fiber,繊維（質）；本質；精神力
1156,section12,scent,（よい）香り；香水
1157,section12,beverage,（水以外の）飲み物，飲料
1158,section12,supplement,栄養補助剤，サプリメント；補足
1159,section12,diabetes,糖尿病
1160,section12,province,州，省；〔the ～s〕地方；分野
1161,section12,reef,（岩や砂の）礁；暗礁
1162,section12,microbe,微生物；細菌
1163,section12,excess,過剰，超過
1164,section12,gallery,美術館，画廊；観客，ギャラリー；回廊
1165,section12,fame,名声
1166,section12,deadline,締め切り
1167,section12,undergraduate,学部学生
1168,section12,slavery,奴隷制度；苦役
1169,section12,prey,獲物；犠牲者
1170,section12,mess,散らかった状態［物］；混乱状態
1171,section12,recession,不況；後退
1172,section12,retreat,後退，退却；（計画・決定などの）撤回
1173,section12,grave,墓；〔通例the ～〕死
1174,section12,column,コラム；（新聞などの）欄；円柱；（縦）列
1175,section12,scenery,〔集合的に〕景色；背景
1176,section12,plot,（小説などの）筋；陰謀
1177,section12,sculpture,彫刻（作品）
1178,section12,tablet,タブレット（型情報端末）；錠剤；平板
1179,section12,dense,密集した，密度の高い；（霧などが）濃い
1180,section12,exotic,外来の；異国風の
1181,section12,acid,酸性の；酸っぱい；辛辣な
1182,section12,bitter,苦い，つらい；辛辣な；怒りっぽい
1183,section12,sensible,賢明な；実用的な；顕著な
1184,section12,noble,高貴な；堂々とした；高潔な
1185,section12,vague,漠然とした，あいまいな；おぼろげな
1186,section12,parallel,（～と）平行［並行］の（to）；類似した
1187,section12,tense,張り詰めた，緊張した
1188,section12,vertical,垂直の（⇔ horizontal 水平な）；縦方向の
1189,section12,indigenous,原産の，先住の；（その土地に）固有の
1190,section12,aboriginal,〔通例A～〕アボリジニの；原生の，先住の
1191,section12,seasonal,季節の，季節的な
1192,section12,abundant,豊富な；（～に）富む（in）
1193,section12,hybrid,ハイブリッドの；雑種の；混成の
1194,section12,irrelevant,（～にとって）無関係の（to）；見当違いの
1195,section12,ridiculous,ばかげた；法外な
1196,section12,fairy,妖精の（ような）
1197,section12,sensory,感覚の
1198,section12,chronic,慢性の（⇔ acute ⇒ 1486）；長引く；常習の
1199,section12,voluntary,自発的な（⇔ compulsory ⇒ 1384）；無償の
1200,section12,inclined,傾向がある；傾いた
1201,section13,infer,を推論する，推測する
1202,section13,esteem,を尊敬する；を見なす
1203,section13,tackle,に取り組む；と（～のことで）話をつける（about / on）
1204,section13,venture,危険を冒して進む；を思い切ってする
1205,section13,accelerate,を加速させる，促進する；加速する
1206,section13,accustom,（人）を慣れさせる
1207,section13,amuse,をおもしろがらせる，楽しませる
1208,section13,flourish,繁栄する；繁茂する；を振りかざす
1209,section13,thrive,繁栄する，うまくいく；繁茂する
1210,section13,nurture,をはぐくむ；を養成する
1211,section13,click,（を）クリックする；をカチッと鳴らす；カチッと音がする
1212,section13,spin,回転する；を回転させる；（糸）を紡ぐ
1213,section13,clip,を切り抜く；を（はさみで）切り取る；をクリップで留める
1214,section13,drag,を引きずる；ぐずぐずする
1215,section13,cast,を投じる；に役を当てる
1216,section13,scatter,をまき散らす；分散する
1217,section13,tempt,を（...する）気にさせる（to do）；を引きつける
1218,section13,withdraw,を引き出す；を撤回する；撤退する
1219,section13,yawn,あくびをする
1220,section13,blink,まばたきする；点滅する；（目）をまたたく
1221,section13,dye,を染める；染まる
1222,section13,spill,をこぼす；こぼれる
1223,section13,irritate,をいらいらさせる；をひりひりさせる
1224,section13,insult,を侮辱する（≒ affront）
1225,section13,enforce,を施行［実施］する；を（～に）強制する（on / upon）
1226,section13,rob,から（金品を）奪う
1227,section13,drain,（液体）を流出させる；（液体が）流れ出る
1228,section13,suspend,を停職［停学，出場停止］にする；を一時的に中断する
1229,section13,drift,漂う；さまよう；を押し流す
1230,section13,forgive,を許す；を免除する
1231,section13,revise,を修正する；を改訂する
1232,section13,recruit,を募る；に新人を補充する
1233,section13,twist,をねじる，ひねる；を歪曲する
1234,section13,crush,を押しつぶす；を弾圧する；を絞り出す
1235,section13,pin,をピンで留める；を突き刺す
1236,section13,uncover,を暴く（⇔ conceal ⇒ 1116）；を 発掘する
1237,section13,exploit,を活用する；を搾取する，につけ込む
1238,section13,implement,を実行［実施］する
1239,section13,integrate,を統合する；融合する
1240,section13,incorporate,を取り入れる；を法人にする；合併する
1241,section13,profile,人物の紹介；横顔；輪郭
1242,section13,appetite,食欲；欲求
1243,section13,impulse,衝動；刺激
1244,section13,script,台本；筆跡
1245,section13,anniversary,（～周年）記念日
1246,section13,pension,年金
1247,section13,temper,気質，気性；機嫌；かんしゃく
1248,section13,cortex,皮質；樹皮
1249,section13,syndrome,症候群；～現象
1250,section13,chamber,（特定の目的の）部屋；議場；〔the ～〕議院
1251,section13,utility,公共事業；公共料金；実用性
1252,section13,cattle,〔集合的に〕牛
1253,section13,herd,（牛などの）群れ；群衆
1254,section13,fluid,流動体，液体
1255,section13,pity,残念なこと；哀れみ
1256,section13,priest,聖職者
1257,section13,acquaintance,知人；面識；知識
1258,section13,offspring,子孫，子；成果
1259,section13,famine,飢饉；（食糧・物資の）ひどい不足
1260,section13,deforestation,森林伐採
1261,section13,jail,刑務所，拘置所（≒ prison）
1262,section13,commodity,商品；有用なもの
1263,section13,format,書式，形式；（本などの）型
1264,section13,recipient,受け取る人；（臓器などの）被提供者
1265,section13,drill,訓練；（反復）練習；ドリル，錐
1266,section13,inability,無能，無力
1267,section13,republic,共和国；共和制
1268,section13,combat,戦闘；対立
1269,section13,debris,（破壊された後の）残骸，瓦礫；がらくた
1270,section13,bug,病原菌（が起こす病気）；虫；盗聴器；（機械・プログラムの）欠陥
1271,section13,fraction,わずか（≒ bit），一部；分数
1272,section13,index,指標；索引；指数
1273,section13,intuition,直観（力），直感
1274,section13,motive,動機
1275,section13,consent,同意，承諾
1276,section13,hierarchy,（社会の）階層制；〔the ～〕支配層
1277,section13,monument,記念碑，遺跡；金字塔
1278,section13,asset,〔通例～s〕資産；価値のあるもの；利点
1279,section13,decent,まずまずの；きちんとした；上品な
1280,section13,competent,有能な；適任の；満足できる
1281,section13,straightforward,単純な；率直な
1282,section13,cosmetic,化粧の，美容の；うわべの
1283,section13,delicate,繊細な；扱いにくい；もろい
1284,section13,interior,室内の；内部の（⇔ exterior 外部の）
1285,section13,transparent,透明な；明快な
1286,section13,aesthetic,美的な；美学の
1287,section13,deliberate,故意の；慎重な
1288,section13,demographic,人口統計学の
1289,section13,prehistoric,有史以前の；旧式な
1290,section13,innate,生まれながらの；固有の
1291,section13,mild,穏やかな；（程度が）軽い
1292,section13,toxic,有毒な；中毒性の
1293,section13,ashamed,恥じて
1294,section13,humble,謙虚な；質素な；身分が低い
1295,section13,peculiar,特有の；特異な
1296,section13,steep,（傾斜が）急な；急激な；法外な
1297,section13,trivial,ささいな，取るに足りない
1298,section13,magnificent,壮大な；見事な
1299,section13,wireless,無線（電信）の，ラジオの
1300,section13,ongoing,継続している，進行中の
1301,section14,assure,に自信を持って言う；を保証する
1302,section14,precede,に先行する；に優先する
1303,section14,revive,を復活させる；復活する
1304,section14,compel,に強いる
1305,section14,blossom,花が咲く（≒ bloom）；発展する
1306,section14,terrify,を怖がらせる；を脅かす
1307,section14,violate,（法律・規則など）に違反する；を侵害する
1308,section14,suppress,を抑える；を抑圧する
1309,section14,deceive,をだます（≒ take in）
1310,section14,manipulate,を（巧みに）操る；を改ざんする
1311,section14,starve,飢える；（～を）渇望する（for）；を飢えさせる
1312,section14,flee,（から）逃げる
1313,section14,whisper,（を）ささやく
1314,section14,yell,叫ぶ，どなる
1315,section14,deposit,を置く；を預ける；を堆積させる
1316,section14,confine,を限定する；〔通例受身形で〕閉じ込められる
1317,section14,swing,を揺らす，振る；揺れる；（行動に）さっと移る
1318,section14,prolong,を長引かせる
1319,section14,depict,を描く
1320,section14,outline,の要点を述べる；の輪郭を描く
1321,section14,shed,を捨て去る；（光など）を放つ；（涙・血）を流す
1322,section14,emit,（光・熱など）を出す，排出する；（信号）を送る
1323,section14,renew,を更新する；（資源）を再生する
1324,section14,utilize,を利用する（≒ make use of）
1325,section14,assert,を主張する
1326,section14,strain,に負担をかける；を緊張させる；を漉す
1327,section14,strive,努力する；争う
1328,section14,dare,あえて［思い切って］...する
1329,section14,boast,を誇る；（を）自慢する
1330,section14,startle,をびっくりさせる（≒ surprise）
1331,section14,offend,の気分を害する；（に）違反する
1332,section14,compute,（を）計算する；コンピューターを使う
1333,section14,assemble,を集める；を組み立てる；集まる
1334,section14,worsen,を悪化させる；悪化する（≒ deteriorate）
1335,section14,flip,を（ぱっと）裏返す；を軽くはじく
1336,section14,rub,（を）こする；（～に）を塗る（on / over）
1337,section14,descend,（を）降りる（⇔ ascend ⇒ 1839）；受け継がれる
1338,section14,compensate,補償する（≒ make up）；に償う
1339,section14,comprise,から成る；を構成する
1340,section14,prevail,普及している；支配的である；（～に）打ち勝つ（over）
1341,section14,quest,探究
1342,section14,dignity,尊厳；威厳
1343,section14,criterion,（判断・評価の）基準
1344,section14,paradox,逆説；矛盾
1345,section14,parliament,（英国などの）議会；国会議員（団）
1346,section14,legislation,法律；立法
1347,section14,agenda,協議事項（リスト）；議事日程（表）；（政治上の）課題
1348,section14,mainstream,（活動・思潮などの）主流；大勢
1349,section14,troop,〔～s〕軍隊；集団
1350,section14,epidemic,流行（病）；蔓延
1351,section14,outbreak,発生，勃発
1352,section14,chaos,混沌，大混乱
1353,section14,nightmare,悪夢（のような状況）；不安感
1354,section14,horror,恐怖；強い嫌悪；嫌な物［人］
1355,section14,cluster,集団；（植物の）房，束
1356,section14,pollen,花粉
1357,section14,hive,ミツバチの巣（箱）；人の集まる所
1358,section14,irrigation,灌漑
1359,section14,dose,（薬の1回分の）服用量；放射線の1回の照射量
1360,section14,suicide,自殺；自殺的行為
1361,section14,feast,祝宴；大ごちそう；楽しみ
1362,section14,cuisine,（独特の）料理，料理法
1363,section14,rumor,うわさ
1364,section14,proverb,ことわざ（≒ saying）
1365,section14,signature,署名；特徴
1366,section14,formula,方法，解決策；公式
1367,section14,tuition,【主に米】 授業料（＝ 【英】tuition fees）；（個人）指導
1368,section14,intake,摂取量；受け入れ数；取り入れること
1369,section14,spectrum,スペクトル；（波動・変動の）範囲
1370,section14,kidney,腎臓
1371,section14,gear,用具（一式），器具；歯車；ギア
1372,section14,aisle,（座席間などの）通路
1373,section14,grief,深い悲しみ
1374,section14,destiny,運命
1375,section14,skull,頭骨，頭蓋骨；頭脳
1376,section14,tomb,墓
1377,section14,monk,修道士，僧（⇔ nun 修道女，尼）
1378,section14,worship,崇拝，礼拝（式）；賛美
1379,section14,outstanding,際立った；未払いの；未解決の
1380,section14,unprecedented,前例のない；空前の
1381,section14,infinite,無限の（⇔ finite 有限の）；無数の
1382,section14,worthwhile,価値がある；立派な
1383,section14,indispensable,不可欠な（⇔ dispensable なくてもすむ）
1384,section14,compulsory,義務的な，強制的な（⇔ voluntary ⇒ 1199）
1385,section14,probable,十分にありそうな
1386,section14,ambiguous,あいまいな；多義的な
1387,section14,obscure,（世に）知られていない；不明瞭な
1388,section14,skeptical,（～に）懐疑的な（of ⇒ about）
1389,section14,fragile,壊れやすい；虚弱な
1390,section14,static,静的な（⇔ dynamic ⇒ 1083）；動きのない
1391,section14,gradual,徐々の，緩やかな
1392,section14,vocal,声の，発声の；はっきりものを言う
1393,section14,vivid,鮮やかな；生き生きとした
1394,section14,imperial,帝国の；皇帝の
1395,section14,hostile,敵意のある（⇔friendly 友好的な）
1396,section14,superficial,表面的な
1397,section14,scarce,乏しい；珍しい
1398,section14,gross,総計の；甚だしい；粗野な
1399,section14,inherent,生来の，本来的に備わっている
1400,section14,notable,注目に値する；著名な
1401,section15,update,を最新のものにする；をアップデートする
1402,section15,refresh,（気分）をさわやかにする；（記憶など）を新たにする；を最新のものにする
1403,section15,bloom,花が咲く；栄える
1404,section15,conquer,を征服する；を克服する
1405,section15,induce,を引き起こす；を説得する
1406,section15,attain,を獲得する，達成する；に達する
1407,section15,spray,を吹きかける，に吹きつける
1408,section15,retrieve,（情報）を検索する；を取り戻す；を回復する
1409,section15,portray,を描く；（の役）を演じる
1410,section15,scratch,を引っかく；を取り消す，削除する
1411,section15,designate,を指定する；を任命する
1412,section15,contradict,と矛盾する；に反対意見を言う
1413,section15,sigh,ため息をつく
1414,section15,disrupt,を混乱させる；を分裂させる
1415,section15,depart,出発する；（～から）それる（from）
1416,section15,navigate,（を）誘導する；（を）操縦する；（を）航行する
1417,section15,beg,に（～を）切に頼む（for）；（を）懇願する
1418,section15,inhabit,に住んでいる；に宿る，存する
1419,section15,diagnose,（を）診断する
1420,section15,comprehend,を理解する
1421,section15,oblige,に義務づける；に恩恵を施す
1422,section15,cram,に詰め込む；詰め込み勉強をする
1423,section15,flock,群がる，集まる
1424,section15,underestimate,（を）過小評価する（⇔ overestimate （を）過大評価する）；（を）軽く見る；を少なく見積もる
1425,section15,clarify,を明確にする
1426,section15,spark,を引き起こす；を刺激する；スパークする
1427,section15,seize,をつかむ；を奪い取る；を没収する
1428,section15,soar,急上昇する；空高く飛ぶ
1429,section15,glow,光り［照り］輝く；赤く燃える；紅潮する
1430,section15,disguise,を（～に）変装させる（as）；を偽る
1431,section15,distort,を歪める；歪む
1432,section15,undermine,を徐々にむしばむ；を侵食する
1433,section15,abolish,を廃止する（≒ do away with）
1434,section15,strip,を［から］取り去る；を裸にする
1435,section15,dispose,〔dispose ofで〕を処分する；を（...する）気にさせる（to do）；を配置する
1436,section15,dump,を投棄する；をどさっと落とす
1437,section15,weave,を織る；（計画・物語など）を作り上げる
1438,section15,refine,を洗練する；を精製する
1439,section15,enrich,を豊かにする；（物質）を濃縮化する
1440,section15,coordinate,を調整する；を組織する；（服など）をコーディネートする
1441,section15,headline,（新聞などの）見出し
1442,section15,internship,【米】 実務［医学］研修；研修期間
1443,section15,outlet,直売店，特売店；はけ口；【米】（電気の）コンセント（≒ 【英】socket）
1444,section15,remedy,治療（法）；治療薬；解決法
1445,section15,pill,錠剤，丸薬；〔the ～〕ピル，経口避妊薬
1446,section15,reception,反応；宴会；受付；受信（状態）
1447,section15,transaction,（商）取引；（人と人との）交流
1448,section15,mutation,突然変異（体）；変化
1449,section15,dairy,〔集合的に〕乳製品；乳製品加工所［販売者］
1450,section15,compassion,同情
1451,section15,posture,姿勢；心構え
1452,section15,curse,悪態，ののしりの言葉；呪い；〔通例a ～〕災い
1453,section15,funeral,葬式
1454,section15,census,国勢調査；交通調査
1455,section15,encyclopedia,百科事典
1456,section15,cereal,〔通例～s〕穀物；シリアル（穀物加工食品）
1457,section15,fragment,断片
1458,section15,patch,（～の）部分，斑点；継ぎ；貼り薬
1459,section15,rubbish,【英】 ごみ（≒ 【米】garbage）；つまらないもの
1460,section15,maze,迷路（≒ labyrinth）；複雑に込み入ったもの
1461,section15,outlook,見解；見通し；眺め
1462,section15,breakthrough,大発見，飛躍的進歩
1463,section15,triumph,勝利；勝利の喜び；偉業
1464,section15,ally,同盟国；提携者；援助者；盟友
1465,section15,spectator,（試合などの）観客
1466,section15,sphere,領域；球体；天体
1467,section15,county,【米】 郡；【英】州
1468,section15,behalf,利益，味方
1469,section15,interval,（時間の）間隔；合間；隔たり；小休止
1470,section15,circulation,循環；流通；（新聞・雑誌の）発行部数
1471,section15,blade,刃；（プロペラなどの）羽根；（草などの）葉
1472,section15,theft,窃盗（罪）
1473,section15,vacuum,真空；空虚
1474,section15,collision,衝突；対立
1475,section15,bargain,買い得品；取引；契約
1476,section15,landmark,（ある場所の）目印；画期的な出来事
1477,section15,revenue,歳入（⇔ expenditure 歳出）；収益
1478,section15,treaty,（国家間の）条約；協定
1479,section15,supreme,最高の
1480,section15,thorough,徹底的な；まったくの
1481,section15,naked,裸の
1482,section15,sincere,心からの；誠実な
1483,section15,tame,飼いならされた，人に慣れた；退屈な
1484,section15,insufficient,不十分な；不適当な
1485,section15,dim,薄暗い；ぼんやりした
1486,section15,acute,（痛み・感情などが）激しい；（知覚などが）鋭い；急性の（⇔ chronic ⇒ 1198）
1487,section15,disabled,障害のある；障害者用の
1488,section15,metropolitan,大都市の，首都圏の
1489,section15,monetary,金銭的な；金融の
1490,section15,alternate,代わりの（≒ alternative）；交互の
1491,section15,partial,部分的な；不公平な（⇔impartial 公平な）
1492,section15,divine,神の；神にささげる
1493,section15,drastic,徹底的な，抜本的な；極端な
1494,section15,fierce,猛烈な；どう猛な
1495,section15,sole,唯一の；単独の；独占的な
1496,section15,spontaneous,自然発生的な；自発的な
1497,section15,spatial,空間の
1498,section15,neat,きちんとした；見事な
1499,section15,tidy,きちんとした，整頓された；相当の
1500,section15,loyal,（～に）忠実な（to）；誠実な
1501,section16,bless,に恩恵を与える；に感謝する
1502,section16,regain,を取り戻す
1503,section16,conform,順応する；一致する
1504,section16,enroll,登録する，入会する；を登録させる
1505,section16,entitle,に権利を与える；に題名をつける
1506,section16,halt,を止める；止まる
1507,section16,provoke,（感情・行動など）を引き起こす；を挑発する
1508,section16,invade,を侵略する；を侵害する；（場所）に殺到する
1509,section16,squeeze,押し入る；を押し込む；（を）搾る；（を）強く押す
1510,section16,crawl,はう；ゆっくり進む
1511,section16,digest,を消化する；を理解する；を要約する
1512,section16,utter,（声）を発する；（考えなど）を述べる
1513,section16,refrain,控える
1514,section16,populate,に住む，の住民である；に人を住まわせる
1515,section16,accommodate,を収容する；を（～に）適応させる（to）
1516,section16,steer,（を）操縦する；を（～へ）向ける（to）
1517,section16,drown,溺死する；を水浸しにする
1518,section16,dip,を浸す；（手など）を（～に）突っ込む（into / in）；下がる
1519,section16,soak,を浸す；をずぶぬれにする；浸る
1520,section16,stir,をかき回す；を揺り動かす
1521,section16,transplant,を移植する；を移住させる
1522,section16,reassure,を安心させる
1523,section16,resume,（を）再開する；を取り戻す
1524,section16,speculate,（と）推測する；投機する
1525,section16,surpass,を上回る
1526,section16,appoint,を任命する；（日時・場所など）を指定する
1527,section16,intrigue,に興味を持たせる；陰謀を企てる
1528,section16,decay,腐敗する（≒ rot）；（徐々に）衰える
1529,section16,contaminate,を汚染する；を堕落させる
1530,section16,swell,膨張する，腫れる；を膨らませる
1531,section16,delete,を削除する，消す
1532,section16,tolerate,を許容する，我慢する（≒ put up with）
1533,section16,envy,をうらやむ
1534,section16,pray,（を）祈る
1535,section16,confess,（を）告白する
1536,section16,resign,（を）辞任する；を放棄する
1537,section16,dissolve,（を）溶かす；（議会など）を解散する；（契約など）を解消する；溶ける
1538,section16,unfold,（閉じたもの）を開く；を明らかにする；開く；明らかになる
1539,section16,awaken,を目覚めさせる；（～から）覚める（from）
1540,section16,conceive,（を）思いつく；と想像する；（を）妊娠する
1541,section16,entrepreneur,起業家，事業家
1542,section16,stake,利害関係；〔通例～s〕賭け金；杭
1543,section16,surplus,余剰（⇔ shortage 不足），過剰；黒字
1544,section16,inflation,インフレ（ーション）；（物価の）高騰
1545,section16,sweatshop,搾取工場
1546,section16,clash,衝突；対立；かち合うこと；ガチャンという音
1547,section16,sociology,社会学
1548,section16,ideology,イデオロギー，思想傾向
1549,section16,margin,余白；差；利ざや
1550,section16,realm,領域；領土
1551,section16,domain,分野；領域；ドメイン（＝ domain name）
1552,section16,algorithm,アルゴリズム；問題解決の手順
1553,section16,prairie,大草原
1554,section16,frontier,〔通例the ～s〕最先端；〔the ～〕 【米】辺境地；国境
1555,section16,bullet,銃弾
1556,section16,shield,盾，防御物
1557,section16,despair,絶望
1558,section16,radiation,放射能，放射線
1559,section16,placebo,偽薬，プラシーボ；気休め
1560,section16,nursery,託児所；苗床
1561,section16,spouse,配偶者
1562,section16,makeup,化粧；化粧品；構成；性質
1563,section16,mummy,ミイラ；【英】ママ，お母さん（＝ 【米】mommy）
1564,section16,flesh,（人・動物の）肉；果肉
1565,section16,limb,手足
1566,section16,odor,におい；気配
1567,section16,laundry,洗濯（物）；クリーニング店
1568,section16,tide,潮（の干満）；動向
1569,section16,questionnaire,アンケート
1570,section16,nonsense,ばかげた物［話，考え］；無意味な言葉
1571,section16,revenge,復讐
1572,section16,intellect,知性；〔the ～（s）〕知識人
1573,section16,hospitality,親切なもてなし，歓待；受容性
1574,section16,librarian,司書，図書館員
1575,section16,manuscript,（手書きの）原稿；写本
1576,section16,obsession,（考えなどに）取りつかれること；妄想；強迫観念
1577,section16,hygiene,衛生（状態）；健康法
1578,section16,paradigm,理論的枠組み，パラダイム；模範
1579,section16,legitimate,合法的な；妥当な
1580,section16,authentic,本物の；信頼できる
1581,section16,empirical,経験的な；経験主義の
1582,section16,immense,膨大な
1583,section16,absurd,ばかげた；不合理な
1584,section16,weird,異様な（≒ bizarre），奇妙な
1585,section16,accidental,偶然の；過失による
1586,section16,uneasy,不安な；落ち着かない；ぎこちない
1587,section16,jealous,嫉妬深い；用心深い
1588,section16,feminine,女らしい（⇔ masculine ⇒ 1681）
1589,section16,swift,素早い
1590,section16,hollow,空洞の；空虚な；うわべだけの
1591,section16,crude,大まかな；粗野な；未精製の
1592,section16,sore,痛い；腹が立って
1593,section16,pessimistic,悲観的な（⇔ optimistic ⇒ 882）
1594,section16,vain,無駄な；うぬぼれた
1595,section16,susceptible,（～の）影響を受けやすい（to）；感染しやすい
1596,section16,edible,食用の，食べられる
1597,section16,sheer,純然たる，真の；すごい；（布が）薄地の
1598,section16,explicit,明白な（⇔ implicit ⇒ 1795）；率直な
1599,section16,prone,（～に）なりやすい（to）；（...する）傾向がある（to do）
1600,section16,affluent,裕福な；豊富な
1601,section17,collaborate,共同して働く；（～に）協力する（with）
1602,section17,exert,を及ぼす；（力など）を行使する
1603,section17,excel,（～で）秀でている（in / at）；に勝る
1604,section17,prosper,栄える，成功する；繁殖する
1605,section17,surge,殺到する；（感情が）こみ上げる；急騰する
1606,section17,intervene,（～に）介入する（in）；介在する
1607,section17,insert,を挿入する
1608,section17,overtake,を追い抜く；に追いつく（≒ catch up with）；（災難・強い感情などが）を襲う
1609,section17,snap,をパチンと鳴らす；をポキッと折る；ポキッと折れる；パチンと音を立てる
1610,section17,carve,を彫る；を切り開く；（肉）を切り分ける
1611,section17,addict,〔受身形で〕（～の）中毒になる（to）；（～に）凝る
1612,section17,condemn,を非難する；〔受身形で〕（～の刑を）宣告される（to）
1613,section17,convict,に有罪を宣告する
1614,section17,dictate,を指図する；を書き取らせる；を規定する
1615,section17,prescribe,（薬など）を処方する；を規定する
1616,section17,inhibit,を抑制する；を妨げる
1617,section17,stray,はぐれる，（道に）迷う
1618,section17,roam,（を）歩き回る；放浪する
1619,section17,enclose,を同封する；を取り囲む
1620,section17,execute,を実行する；を処刑する
1621,section17,coincide,同時に起こる；一致する
1622,section17,lag,遅れる；徐々に弱まる
1623,section17,cling,しがみつく；くっつく
1624,section17,erase,を消す
1625,section17,grind,（穀物など）をひく
1626,section17,knit,を編む；を結合する；編み物をする
1627,section17,inquire,（を）尋ねる
1628,section17,betray,をうっかり表す；を裏切る
1629,section17,leak,漏れる；を漏らす
1630,section17,smash,を粉砕する；を強打する；粉々に壊れる；激突する
1631,section17,bounce,跳ねる；反射する；を弾ませる；（Ｅメールが）（宛先不明で）返送される
1632,section17,sprawl,（都市などが）不規則に広がる；だらしなく手足を伸ばす
1633,section17,converse,（～と）会話をする（with）
1634,section17,recite,を暗唱する；を詳述する
1635,section17,disregard,を無視する；を軽視する
1636,section17,frown,眉をひそめる
1637,section17,evoke,を呼び起こす
1638,section17,pledge,を誓う，約束する；を与えることを約束する
1639,section17,aspire,（～を）熱望する（to）
1640,section17,contemplate,（を）熟考する；を予想する
1641,section17,grace,優美，優雅；分別；（神の）恩寵
1642,section17,enlightenment,啓蒙，啓発
1643,section17,commerce,商業；貿易
1644,section17,draft,下書き；為替手形；隙間風
1645,section17,barrel,バレル（液量の単位）；たる
1646,section17,timber,【英】 木材（≒ 【米】lumber）；樹木
1647,section17,garment,衣服
1648,section17,thread,糸；（議論などの）筋道
1649,section17,cabinet,〔しばしばthe C-〕内閣；戸棚
1650,section17,bureau,（官庁の）局；事務局；案内所
1651,section17,autonomy,（個人の）自律；自治（権）；自治体
1652,section17,toll,損害（の程度）；死傷者数；通行料
1653,section17,discourse,話し合い，会話；講演；論説
1654,section17,superstition,迷信
1655,section17,glimpse,ちらりと見えること
1656,section17,arithmetic,計算；算数
1657,section17,glossary,用語小辞典；用語集
1658,section17,archive,〔しばしば～s〕記録文書，公文書；公文書保管所；（コンピューターの）アーカイブ
1659,section17,legacy,遺産
1660,section17,anthropology,人類学
1661,section17,rage,激怒；猛威
1662,section17,sorrow,悲しみ
1663,section17,psychiatrist,精神科医
1664,section17,ward,行政区；病棟
1665,section17,stall,露店；エンスト；失速
1666,section17,flame,炎；情熱
1667,section17,moisture,水分；湿気
1668,section17,irony,皮肉
1669,section17,warrior,戦士
1670,section17,astronomy,天文学
1671,section17,probe,（無人）宇宙探査機；（～の）精査（into）；探り針
1672,section17,altitude,高度，標高
1673,section17,tumor,腫瘍；腫れ物
1674,section17,defect,欠陥；不足
1675,section17,sanitation,公衆衛生（学）；下水［衛生］設備
1676,section17,longevity,長寿；寿命；長年勤続
1677,section17,scope,（活動・能力などの）範囲；余地
1678,section17,sentiment,感情；感想；感傷
1679,section17,plausible,もっともらしい
1680,section17,vigorous,精力的な；激しい；活力のある
1681,section17,masculine,男らしい（⇔ feminine ⇒ 1588）
1682,section17,rigid,厳しい；硬直した
1683,section17,adverse,不都合な；逆の
1684,section17,coherent,一貫した，筋の通った；結束した
1685,section17,literal,文字どおりの；逐語的な；散文的な
1686,section17,arbitrary,恣意的な；独断的な
1687,section17,anonymous,匿名の
1688,section17,antique,骨董の，アンティークの；古風な
1689,section17,eternal,永遠の；不変の
1690,section17,intermediate,中級の；中間の
1691,section17,subordinate,（～より）下位の（to）；副次的な
1692,section17,gloomy,陰気な；薄暗い；悲観的な
1693,section17,thermal,熱の，熱による；保温用の
1694,section17,faint,かすかな；めまいがする；弱々しい
1695,section17,naive,お人よしの，愚直な；純朴な
1696,section17,apt,（...する）傾向がある（to do）；適切な；利発な
1697,section17,arrogant,横柄な，傲慢な
1698,section17,extrovert,外向的な；社交的な
1699,section17,conspicuous,目立つ
1700,section17,intact,損なわれていない，手つかずの
1701,section18,embody,を具現する；を包含する
1702,section18,illuminate,を照らす；を解明する
1703,section18,console,を慰める
1704,section18,verify,の正しさを証明［確認］する
1705,section18,disclose,を公表する，暴く
1706,section18,stack,を積む，積み重ねる；〔～ upで〕（車が）渋滞する
1707,section18,rotate,回転する；循環する；を回転させる
1708,section18,constrain,に（...することを）強いる（to do）；を抑える
1709,section18,hinder,を妨げる
1710,section18,withstand,に耐える
1711,section18,tweet,（を）ツイートする，つぶやく
1712,section18,sneeze,くしゃみをする
1713,section18,erupt,（火山が）噴火する；勃発する
1714,section18,blur,をぼかす；を曇らせる；をあいまいにする
1715,section18,overlap,（一部）重なる；（と）重複［共通］する
1716,section18,embed,〔通例受身形で〕埋め込まれる，はめ込まれる
1717,section18,displace,に取って代わる（≒ replace）；を移動させる
1718,section18,render,を（ある状態に）する；（援助など）を与える
1719,section18,plunge,（～に）（を）突っ込む（into）；没頭する；陥る
1720,section18,surrender,を放棄する，引き渡す；（～に）屈する（to）
1721,section18,plug,〔plug inで〕のプラグを電源に差し込む；を（～で）ふさぐ（with）
1722,section18,suck,（を）吸う；（を）しゃぶる
1723,section18,mock,をばかにする（≒ make fun of）；のまねをしてからかう
1724,section18,tease,（を）からかう；をいじめる
1725,section18,soothe,をなだめる；を和らげる
1726,section18,stain,を汚す；に着色する
1727,section18,shun,を避ける
1728,section18,stumble,よろけながら歩く；（～に）つまずく（on / over）
1729,section18,flush,を紅潮させる；を水で流す；紅潮する
1730,section18,impair,を損なう
1731,section18,presume,と思う；と推定する；を前提とする
1732,section18,contend,と主張する；競う
1733,section18,roar,うなる，ほえる；大笑いする
1734,section18,haunt,（記憶・考えなどが）につきまとう；（幽霊などが）に出る；によく行く
1735,section18,divert,（注意など）をそらす；を迂回させる；（資金など）を転用する
1736,section18,await,を待つ（≒ wait for）
1737,section18,fetch,を（行って）持って［連れて］くる
1738,section18,unify,を統合［統一］する；統一される
1739,section18,inspect,を点検する；を視察する
1740,section18,entail,を伴う，引き起こす；（...すること）を含む（doing）
1741,section18,tactics,作戦，方策；戦術，戦法
1742,section18,feat,偉業，功績；妙技
1743,section18,prestige,名声；〔形容詞的に〕名声のある
1744,section18,analogy,類推；類似
1745,section18,conscience,良心；分別
1746,section18,textile,織物；繊維（産業）
1747,section18,deficit,赤字，不足；欠陥
1748,section18,plague,疫病；（害虫などの）異常発生
1749,section18,hazard,危険（要素）；偶然
1750,section18,metabolism,（新陳）代謝，代謝作用
1751,section18,paralysis,麻痺；〔比喩的に〕麻痺（状態）
1752,section18,grid,（電気などの）供給網；格子（模様）；碁盤目
1753,section18,carriage,馬車；車両（＝ 【米】car）；立ち居振舞い；【英】輸送
1754,section18,friction,不和；摩擦
1755,section18,rebel,反逆者
1756,section18,regime,政権，政体；体制
1757,section18,monopoly,独占（権）
1758,section18,staple,必需食品；主要産物
1759,section18,merchandise,商品
1760,section18,vendor,物売り，行商人；自動販売機
1761,section18,supervisor,監督者；指導教員
1762,section18,predecessor,前任者（⇔ successor 後継者）；前のもの
1763,section18,personnel,〔集合的に〕職員，社員
1764,section18,vessel,船舶；容器；（体液が通る）脈管
1765,section18,liver,肝臓
1766,section18,duration,（時間の）継続，持続（時間）
1767,section18,certificate,証明書；免許状
1768,section18,geometry,幾何学
1769,section18,symmetry,（左右）対称（⇔ asymmetry 非対称）；調和
1770,section18,biography,伝記
1771,section18,masterpiece,傑作
1772,section18,rhyme,押韻詩；韻；〔通例～s〕詩歌
1773,section18,premium,保険料；プレミア；景品
1774,section18,breakdown,崩壊；（神経）衰弱；故障；内訳
1775,section18,courtesy,礼儀正しさ；好意；優遇
1776,section18,protocol,（条約）議定書；外交儀礼；プロトコル
1777,section18,specimen,標本；実例
1778,section18,thesis,論文；命題，テーゼ
1779,section18,eligible,適格の，資格のある；（結婚相手として）望ましい
1780,section18,intrinsic,固有の，本質的な（⇔ extrinsic 非本質的な）
1781,section18,diligent,勤勉な；入念な
1782,section18,vocational,職業の，職業訓練の（ための）
1783,section18,bankrupt,破産宣告を受けた；破綻している
1784,section18,stern,厳しい；いかめしい
1785,section18,stubborn,頑固な，強情な（≒ obstinate）；手に負えない
1786,section18,maternal,母の，母親らしい（⇔ paternal 父の）；妊婦の
1787,section18,fertile,肥沃な（⇔ barren 不毛の）；多産の
1788,section18,ripe,熟した；成熟した
1789,section18,stiff,硬直した，凝った；堅い
1790,section18,obsolete,廃れた，使われなくなった；古くなった
1791,section18,vacant,空いている
1792,section18,acoustic,音響の；聴覚の；（楽器が）アコースティックの
1793,section18,preliminary,予備の，準備の
1794,section18,approximate,おおよその
1795,section18,implicit,暗黙の（⇔ explicit ⇒ 1598）；内在する
1796,section18,punctual,時間を守る
1797,section18,compatible,矛盾しない；互換性のある；気が合う
1798,section18,ample,十分すぎるほどの；広い
1799,section18,pervasive,隅々に広がった；浸透する；充満する
1800,section18,ubiquitous,至る所にある
1801,section19,deduce,を推測する，演繹する
1802,section19,simulate,を模擬実験する；を装う；をまねる
1803,section19,merge,（を）合併する；を融合させる；溶け込む
1804,section19,penetrate,（に）浸透する；（に）進出する；（を）貫く；（を）見抜く
1805,section19,cater,（の）料理をまかなう；（要望などに）応える
1806,section19,assault,に暴行する；を攻撃する
1807,section19,torture,を拷問にかける；を苦しめる
1808,section19,bleed,出血する
1809,section19,erect,を建てる；を直立させる
1810,section19,cherish,を大切にする；を心に抱く
1811,section19,arouse,（感情など）を引き起こす；を目覚めさせる
1812,section19,doom,〔通例受身形で〕運命にある
1813,section19,mourn,（を）悼む（≒ grieve）；（を）嘆く
1814,section19,dread,をひどく恐れる
1815,section19,nourish,に栄養を与える；をはぐくむ
1816,section19,inject,（人）に注射する，を注入する；を導入する
1817,section19,swear,（～を）ののしる（at）；（を）誓う（≒ vow）
1818,section19,bid,（～に）の値をつける（for ⇒ on）；（挨拶）を述べる
1819,section19,corrupt,を堕落させる；を買収する；堕落する
1820,section19,preoccupy,の心を奪う，を夢中にさせる
1821,section19,browse,（を）拾い読みする；（を）閲覧する；（商品など）を見て歩く
1822,section19,compile,を編集する；（資料など）をまとめる
1823,section19,allocate,を割り当てる，分配する
1824,section19,offset,を相殺する，埋め合わせる；をオフセット印刷にする
1825,section19,restrain,を制止する；を規制する
1826,section19,comply,従う，応じる
1827,section19,expire,期限が切れる
1828,section19,embark,（～に）乗り出す（on）；乗船［搭乗］する
1829,section19,flap,パタパタ動く；羽ばたく（≒ flutter）；をパタパタ動かす
1830,section19,furnish,に（～を）備えつける（with）
1831,section19,forge,を偽造する；（関係など）を築く；を鍛造する
1832,section19,thrust,を押しつける；を突き刺す；押し進む
1833,section19,dispatch,を派遣する；を発送する；を処理する
1834,section19,resent,に憤慨する
1835,section19,reconcile,を（～と）一致させる（with）；を和解させる
1836,section19,allege,を主張する
1837,section19,oppress,を抑圧［迫害］する；を悩ませる
1838,section19,expel,を追放する；を吐き出す
1839,section19,ascend,（を）上がる（⇔ descend ⇒ 1337）
1840,section19,commence,始まる；を開始する；...し始める（to do / doing）⇒ commence work 仕事［作業］を始める
1841,section19,advent,〔the ～〕出現，到来
1842,section19,reign,治世；統治
1843,section19,diplomacy,外交（的手腕）
1844,section19,embassy,大使館；大使一行
1845,section19,exile,亡命（者）；（国外）追放
1846,section19,refuge,避難（所）；保護
1847,section19,plight,窮状（＝ predicament）；（悪い）状態
1848,section19,solitude,ひとりでいること；孤独
1849,section19,fallacy,誤った考え，誤信；錯誤
1850,section19,latitude,緯度；（行動・思想などの）許容範囲
1851,section19,eclipse,（日食・月食などの）食；（名声などの）失墜
1852,section19,basin,流域；盆地，海盆；洗面器［台］
1853,section19,erosion,浸食；衰退
1854,section19,archaeology,考古学
1855,section19,errand,（人の）使い，使い走り；用件
1856,section19,mercy,慈悲；〔通例a ～〕幸運
1857,section19,rhetoric,修辞（法）；美辞麗句
1858,section19,verse,韻文（⇔ prose 散文）；詩
1859,section19,congestion,混雑
1860,section19,sewage,下水
1861,section19,complement,（～の）補完物，補足（to）；（文法の）補語
1862,section19,subsidy,補助金；報奨金
1863,section19,mortgage,住宅ローン；抵当（権）
1864,section19,attorney,【米】 弁護士；代理人
1865,section19,outfit,衣装一式；装備［道具］一式；組織
1866,section19,bulk,〔the ～〕（～の）大半（of）；大きさ；大量
1867,section19,reunion,再会（の集い）；再結合
1868,section19,synthesis,合成；総合（⇔ analysis ⇒ 363）
1869,section19,mold,鋳型；鋳物；性格；かび
1870,section19,thirst,（のどの）渇き；（～に対する）渇望（for）
1871,section19,greed,強欲
1872,section19,bribe,賄賂
1873,section19,contempt,軽蔑；恥辱
1874,section19,texture,感触，手触り；本質；質感
1875,section19,orphan,孤児
1876,section19,harassment,嫌がらせ，ハラスメント
1877,section19,hay,干し草
1878,section19,doctrine,教義；【米】（政策上の）主義
1879,section19,holistic,全体論の；（医療が）ホリスティックの
1880,section19,liable,しがちな；（～を）受けやすい（to）；責任がある
1881,section19,earnest,まじめな，熱心な
1882,section19,intelligible,（簡単に）理解できる
1883,section19,abrupt,突然の（≒ sudden）
1884,section19,reckless,無謀な；（～を）顧みない（of）
1885,section19,furious,激怒した；猛烈な
1886,section19,eloquent,雄弁な；説得力のある
1887,section19,juvenile,青少年の
1888,section19,notorious,悪名高い（≒ infamous）
1889,section19,timid,臆病な；内気な
1890,section19,humid,湿気のある（≒ muggy 蒸し暑い）
1891,section19,contagious,感染（性）の；病気を伝染する
1892,section19,cynical,冷笑的な，皮肉な
1893,section19,dumb,ばかげた；口のきけない；無言の
1894,section19,monotonous,単調な
1895,section19,perpetual,永続的な；ひっきりなしの
1896,section19,dizzy,目まいがする；当惑した
1897,section19,weary,疲れ果てた；（～に）うんざりした（of）
1898,section19,numb,麻痺した，無感覚な；ぼう然とした
1899,section19,mortal,致命的な（≒ fatal）；死すべき（運命の）（⇔ immortal 不死の）
1900,section19,zealous,熱心な；熱狂的な
